0.0000000,-49.6336880,0.8640053,3.0986348,-0.0221326,4.7001456,-2.9538213
0.1998086,-49.6425761,0.6652098,3.0956577,-0.0080168,4.5728515,-3.2517191
0.3996172,-49.6518329,0.4653479,3.0954561,0.0069920,4.4284905,-2.9321230
0.5994258,-49.6608077,0.2654695,3.0985456,0.0237345,4.2941590,-2.6437342
0.7992344,-49.6688137,0.0660430,3.1049543,0.0405482,4.1693309,-2.3877276
0.9990430,-49.6752230,-0.1340324,3.1147412,0.0573209,4.0532879,-2.1496366
1.1988516,-49.6793265,-0.3336871,3.1279208,0.0746686,3.9458980,-1.9080836
1.3986602,-49.6804485,-0.5336174,-3.1385059,0.0937937,3.8480655,-1.6600880
1.5984688,-49.6778188,-0.7334887,-3.1176679,0.1147857,3.7608787,-1.4408104
1.7982774,-49.6706093,-0.9332519,-3.0927009,0.1349665,3.6835358,-1.2351930
1.9980860,-49.6580154,-1.1326843,-3.0636726,0.1550309,3.6159136,-1.0646017
2.1978946,-49.6392521,-1.3316967,-3.0309038,0.1730567,3.5565993,-0.9173811
2.3977032,-49.6136105,-1.5299907,-2.9945400,0.1896092,3.5046822,-0.7791982
2.5975117,-49.5805431,-1.7267715,-2.9551428,0.2055622,3.4599734,-0.6866216
2.7973203,-49.5392984,-1.9227244,-2.9127372,0.2178283,3.4200921,-0.5965271
2.9971289,-49.4896965,-2.1161379,-2.8679399,0.2298054,3.3850624,-0.5320969
3.1969375,-49.4312326,-2.3072212,-2.8210915,0.2395004,3.3535075,-0.4921021
3.3967461,-49.3635557,-2.4956628,-2.7722752,0.2470257,3.3240578,-0.4511078
3.5965547,-49.2870373,-2.6796226,-2.7222758,0.2545618,3.2968303,-0.4435719
3.7963633,-49.2008155,-2.8604452,-2.6708743,0.2591545,3.2698365,-0.4435238
3.9961719,-49.1053839,-3.0364436,-2.6184732,0.2631416,3.2426210,-0.4438951
4.1959805,-49.0014725,-3.2061438,-2.5656974,0.2671939,3.2151521,-0.4424884
4.3957891,-48.8879201,-3.3711669,-2.5120382,0.2690068,3.1875346,-0.4668776
4.5955977,-48.7655629,-3.5299328,-2.4579074,0.2703398,3.1581331,-0.4993192
4.7954063,-48.6354482,-3.6811033,-2.4038741,0.2714226,3.1263826,-0.5370566
4.9952149,-48.4978406,-3.8245300,-2.3499367,0.2714506,3.0918686,-0.5937004
5.1950235,-48.3517039,-3.9611641,-2.2951497,0.2749379,3.0532603,-0.6209630
5.3948321,-48.1983415,-4.0894780,-2.2396752,0.2790870,3.0123497,-0.6195938
5.5946407,-48.0386400,-4.2087358,-2.1855244,0.2570445,2.9709679,-0.8814901
5.7944493,-47.8733893,-4.3194616,-2.1373718,0.2368091,2.9110809,-1.1603459
5.9942579,-47.7030807,-4.4223193,-2.0906728,0.2456935,2.8303176,-1.0337341
6.1940665,-47.5272583,-4.5170818,-2.0386637,0.2788544,2.7563744,-0.8493807
6.3938751,-47.3454579,-4.6022816,-1.9781806,0.3163566,2.6940996,-0.5456995
6.5936837,-47.1614533,-4.6745880,-1.9104684,0.3686707,2.6533190,-0.3918959
6.7934923,-46.9703654,-4.7339871,-1.8329236,0.3989460,2.6236412,-0.2602671
6.9933009,-46.7736428,-4.7782017,-1.7499315,0.4241745,2.6037446,-0.2128552
7.1931095,-46.5766988,-4.8052864,-1.6645885,0.4363916,2.5873588,-0.1725487
7.3929181,-46.3767281,-4.8151914,-1.5756456,0.4468082,2.5739992,-0.1318075
7.5927266,-46.1765756,-4.8071548,-1.4853621,0.4564265,2.5637472,-0.1318075
7.7925352,-45.9786425,-4.7810798,-1.3944201,0.4538592,2.5534539,-0.0899706
7.9923438,-45.7834326,-4.7370328,-1.3032418,0.4539572,2.5464040,-0.0735671
8.1921524,-45.5932630,-4.6755722,-1.2133978,0.4469929,2.5406248,-0.0146793
8.3919610,-45.4089142,-4.5971809,-1.1244440,0.4369614,2.5394701,0.0527528
8.5917696,-45.2332733,-4.5036037,-1.0383121,0.4303418,2.5436174,0.0859477
8.7915782,-45.0644684,-4.3941853,-0.9536416,0.4133652,2.5503599,0.1808996
8.9913868,-44.9061194,-4.2717335,-0.8719059,0.3989990,2.5644933,0.2440489
9.1911954,-44.7595337,-4.1384986,-0.7948766,0.3798577,2.5834381,0.3309316
9.3910040,-44.6207284,-3.9916995,-0.7209109,0.3519691,2.6089075,0.4678664
9.5908126,-44.4939542,-3.8370924,-0.6542661,0.3039093,2.6444972,0.7344098
9.7906212,-44.3777927,-3.6768042,-0.6020320,0.2566258,2.6994163,-0.3731414
9.9904298,-44.2697334,-3.5100797,-0.5469975,0.2966078,2.6716539,-0.6128034
10.1902384,-44.1713518,-3.3361286,-0.4801098,0.3663830,2.6254234,-0.2392999
10.3900470,-44.0863620,-3.1563467,-0.4010658,0.4262049,2.6071478,-0.1352242
10.5898556,-44.0166371,-2.9696744,-0.3133703,0.4448938,2.5967637,-0.1352242
10.7896642,-43.9635136,-2.7767056,-0.2239239,0.4434260,2.5863379,-0.1002807
10.9894728,-43.9276083,-2.5790754,-0.1357685,0.4350946,2.5785790,-0.0263115
11.1892814,-43.9089756,-2.3810783,-0.0531073,0.3983587,2.5765394,0.2223476
11.3890900,-43.9061051,-2.1812479,0.0230473,0.3594825,2.5937250,0.4467064
11.5888986,-43.9176686,-1.9811611,0.0911152,0.3187600,2.6279119,0.6601808
11.7887072,-43.9417943,-1.7830243,0.1495209,0.2677719,2.6776371,0.9363666
11.9885158,-43.9765003,-1.5861580,0.1972801,0.2038369,2.7466213,1.3109869
12.1883244,-44.0192344,-1.3907441,0.2309489,0.1316991,2.8403911,1.7756870
12.3881330,-44.0669867,-1.1967552,0.2490405,0.0495921,2.9626705,2.3886919
12.5879416,-44.1166317,-1.0035436,0.2518830,-0.0147843,3.1196120,2.6609596
12.7877501,-44.1658500,-0.8096827,0.2437146,-0.0596768,3.2856269,2.1392842
12.9875587,-44.2129352,-0.6157773,0.2331554,-0.0464497,3.4132446,2.2252225
13.1873673,-44.2584172,-0.4204830,0.2245564,-0.0432685,3.5411123,2.2059757
13.3871759,-44.3019959,-0.2256676,0.2153903,-0.0486891,3.6634713,2.0774044
13.5869845,-44.3441313,-0.0288002,0.2066549,-0.0382457,3.7750746,-0.6859093
13.7867931,-44.3847010,0.1680617,0.2004907,-0.0181915,3.7385943,-2.8716863
13.9866017,-44.4239929,0.3620927,0.2004456,0.0300549,3.5818308,-0.5789995
14.1864103,-44.4655179,0.5578907,0.2236095,0.2122248,3.5493850,-0.2506279
14.3862189,-44.5140969,0.7498475,0.2725310,0.2400388,3.5352480,-0.2506279
14.5860275,-44.5710036,0.9385482,0.3079157,0.0886276,3.5210543,-0.3272859
14.7858361,-44.6324892,1.1296555,0.3100482,-0.0445546,3.5024326,-2.0609223
14.9856447,-44.6926058,1.3216203,0.2950113,-0.1021159,3.3828175,-1.7160548
15.1854533,-44.7482515,1.5125935,0.2708497,-0.1394049,3.2798917,-1.4282035
15.3852619,-44.7991360,1.7073330,0.2391202,-0.1743485,3.1917009,-1.1331944
15.5850705,-44.8428992,1.9025459,0.2007041,-0.2118333,3.1199536,-0.6341190
15.7848791,-44.8783295,2.0998142,0.1527452,-0.2696004,3.0790755,-0.1886096
15.9846877,-44.9029314,2.2975259,0.0929869,-0.3189679,3.0668117,-0.1886096
16.1844963,-44.9151836,2.4967824,0.0302301,-0.3071939,3.0544987,-0.0532061
16.3843049,-44.9152585,2.6960623,-0.0286190,-0.2820368,3.0510163,0.1879323
16.5841135,-44.9040551,2.8959501,-0.0825118,-0.2563500,3.0632991,0.4062850
16.7839221,-44.8827198,3.0942524,-0.1309565,-0.2296638,3.0896860,0.6161590
16.9837307,-44.8522433,3.2917653,-0.1745246,-0.2083953,3.1292791,0.7629414
17.1835393,-44.8134890,3.4881360,-0.2146644,-0.1931389,3.1776205,0.8473387
17.3833479,-44.7672876,3.6824074,-0.2518461,-0.1796203,3.2304618,0.9162283
17.5831565,-44.7140338,3.8752581,-0.2866167,-0.1676883,3.2866432,0.9720091
17.7829650,-44.6544054,4.0660142,-0.3189311,-0.1560964,3.3452138,1.0288032
17.9827736,-44.5887213,4.2551864,-0.3490544,-0.1442843,3.4061096,1.0934213
18.1825822,-44.5179103,4.4415807,-0.3766948,-0.1329414,3.4696589,1.1581663
18.3823908,-44.4417466,4.6271117,-0.4019067,-0.1185929,3.5357257,1.2667319
18.5821994,-44.3613789,4.8103686,-0.4241529,-0.1027832,3.6066000,1.4021937
18.7820080,-44.2778871,4.9906264,-0.4427524,-0.0841942,3.6834636,1.5855772
18.9818166,-44.1903398,5.1717297,-0.4568352,-0.0548221,3.7684915,1.9366518
19.1816252,-44.1014966,5.3504856,-0.4647232,-0.0262703,3.8698124,2.3062804
19.3814338,-44.0121062,5.5280211,-0.4673074,-0.0037954,3.9871139,2.6208720
19.5812424,-43.9219007,5.7063732,-0.4697768,-0.0210116,4.1163603,2.3041762
19.7810510,-43.8311310,5.8839573,-0.4759708,-0.0419672,4.2267258,1.4296100
19.9808596,-43.7388277,6.0608760,-0.4865324,-0.0646784,4.2937755,-1.8028387
20.1806682,-43.6439696,6.2371007,-0.5018379,-0.0876284,4.2090453,-1.5868685
20.3804768,-43.5464917,6.4109228,-0.5208465,-0.1027802,4.1330282,-1.4130814
20.5802854,-43.4453292,6.5829647,-0.5427125,-0.1161300,4.0641396,-1.2673554
20.7800940,-43.3398729,6.7531483,-0.5671928,-0.1282709,4.0013465,-1.1350270
20.9799026,-43.2303429,6.9201821,-0.5939890,-0.1399319,3.9442613,-1.0168627
21.1797112,-43.1162978,7.0839402,-0.6230196,-0.1509464,3.8924082,-0.9018987
21.3795198,-42.9970028,7.2446701,-0.6543389,-0.1619088,3.8458325,-0.7867626
21.5793284,-42.8727737,7.4011919,-0.6877864,-0.1729433,3.8047370,-0.6767619
21.7791370,-42.7433027,7.5532257,-0.7233995,-0.1835976,3.7690288,-0.5524161
21.9789456,-42.6080905,7.7006744,-0.7612508,-0.1950706,3.7396287,-0.4017459
22.1787542,-42.4674389,7.8425236,-0.8014981,-0.2080021,3.7181014,-0.3083533
22.3785628,-42.3210549,7.9783901,-0.8440550,-0.2165089,3.7014936,-0.2725695
22.5783714,-42.1687487,8.1079556,-0.8879242,-0.2207159,3.6867508,-0.2725695
22.7781799,-42.0111600,8.2305374,-0.9312311,-0.2132118,3.6719488,-0.1451643
22.9779885,-41.8483528,8.3463976,-0.9731307,-0.2060778,3.6640412,-0.0358576
23.1777971,-41.6807801,8.4555350,-1.0137021,-0.1998907,3.6620853,0.0503571
23.3776057,-41.5092108,8.5577751,-1.0528031,-0.1917841,3.6648318,0.1548116
23.5774143,-41.3336947,8.6534481,-1.0903905,-0.1839087,3.6732625,0.2479680
23.7772229,-41.1548671,8.7425629,-1.1263185,-0.1759228,3.6867262,0.3363004
23.9770315,-40.9728681,8.8254079,-1.1606448,-0.1672193,3.7049077,0.4294304
24.1768401,-40.7883708,8.9020508,-1.1932237,-0.1587040,3.7279953,0.5156384
24.3766487,-40.6014571,8.9728379,-1.2240158,-0.1495540,3.7555302,0.6078548
24.5764573,-40.4123276,9.0380685,-1.2530054,-0.1399401,3.7877323,0.7045856
24.7762659,-40.2219911,9.0978145,-1.2799499,-0.1300649,3.8247197,0.8039965
24.9760745,-40.0295632,9.1527746,-1.3048525,-0.1187929,3.8664934,0.9242791
25.1758831,-39.8359820,9.2031219,-1.3274533,-0.1069667,3.9139659,1.0541621
25.3756917,-39.6420883,9.2491546,-1.3475267,-0.0941511,3.9674161,1.2023748
25.5755003,-39.4464965,9.2917393,-1.3647667,-0.0778086,4.0275154,1.4125912
25.7753089,-39.2506150,9.3311778,-1.3792919,-0.0715245,4.0969960,1.4628296
25.9751175,-39.0546107,9.3677359,-1.3934893,-0.0717030,4.1677269,1.4061944
26.1749261,-38.8577001,9.4015355,-1.4082632,-0.0760608,4.2346059,1.2764905
26.3747347,-38.6603358,9.4323380,-1.4237906,-0.0791801,4.2944144,1.1699341
26.5745433,-38.4625905,9.4600068,-1.4398479,-0.0817461,4.3485079,1.0750193
26.7743519,-38.2642521,9.4844642,-1.4564422,-0.0842145,4.3976263,0.9835493
26.9741605,-38.0657298,9.5055816,-1.4731597,-0.0830533,4.4420896,0.9654806
27.1739691,-37.8668078,9.5234120,-1.4895841,-0.0813776,4.4853074,0.9594122
27.3737777,-37.6673702,9.5380245,-1.5056702,-0.0795295,4.5278450,0.9584123
27.5735863,-37.4680340,9.5494456,-1.5214087,-0.0781018,4.5699429,0.9500889
27.7733949,-37.2685241,9.5577576,-1.5368610,-0.0766937,4.6112959,0.9427628
27.9732034,-37.0686117,9.5630189,-1.5520613,-0.0752884,4.6519667,0.9367268
28.1730120,-36.8688360,9.5652695,-1.5669518,-0.0737892,4.6920280,0.9340409
28.3728206,-36.6691752,9.5645770,-1.5815191,-0.0720723,4.7316367,0.9374516
28.5726292,-36.4692395,9.5610034,-1.5957577,-0.0702486,4.7710593,0.9444536
28.7724378,-36.2695058,9.5546277,-1.6095873,-0.0681949,4.8104498,0.9578956
28.9722464,-36.0700184,9.5455393,-1.6229794,-0.0658545,4.8500741,0.9791672
29.1720550,-35.8704126,9.5338111,-1.6359124,-0.0634159,4.8902465,1.0038712
29.3718636,-35.6711029,9.5195641,-1.6483115,-0.0607246,4.9310927,1.0358263
29.5716722,-35.4720373,9.5029059,-1.6601572,-0.0577921,4.9728874,1.0749093
29.7714808,-35.2730213,9.4839343,-1.6714168,-0.0547882,5.0158909,1.1170459
29.9712894,-35.0743441,9.4627984,-1.6820367,-0.0515480,5.0601929,1.1666036
30.1710980,-34.8758681,9.4396146,-1.6920062,-0.0481620,5.1060500,1.2215039
30.3709066,-34.6775925,9.4145172,-1.7012909,-0.0447270,5.1536279,1.2794395
30.5707152,-34.4795874,9.3876548,-1.7098657,-0.0411175,5.2029959,1.3440291
30.7705238,-34.2817683,9.3591595,-1.7177429,-0.0377959,5.2543567,1.4028779
30.9703324,-34.0842622,9.3291847,-1.7249814,-0.0348444,5.3074361,1.4535887
31.1701410,-33.8868495,9.2978054,-1.7318466,-0.0338574,5.3618800,1.4500767
31.3699496,-33.6896819,9.2650946,-1.7385372,-0.0332366,5.4156470,1.4370422
31.5697582,-33.4929316,9.2311089,-1.7451401,-0.0329184,5.4684092,1.4159544
31.7695668,-33.2960857,9.1957704,-1.7517125,-0.0328221,5.5199039,1.3889166
31.9693754,-33.0996564,9.1591735,-1.7582925,-0.0332724,5.5699528,1.3455972
32.1691840,-32.9036721,9.1213101,-1.7650182,-0.0340622,5.6180155,1.2919943
32.3689926,-32.7076504,9.0820818,-1.7714851,-0.0305971,5.6637797,1.3752108
32.5688012,-32.5120162,9.0416847,-1.7772721,-0.0276893,5.7120888,1.4422519
32.7686098,-32.3166165,9.0002069,-1.7825805,-0.0254560,5.7623179,1.4888887
32.9684183,-32.1213408,8.9577173,-1.7874285,-0.0230533,5.8137159,1.5430218
33.1682269,-31.9263147,8.9143402,-1.7917923,-0.0206383,5.8665076,1.5995564
33.3680355,-31.7314732,8.8701603,-1.7956750,-0.0182273,5.9207365,1.6580612
33.5678441,-31.5367669,8.8252650,-1.7990745,-0.0157973,5.9764296,1.7194936
33.7676527,-31.3422171,8.7797586,-1.8019877,-0.0133673,6.0336432,1.7833235
33.9674613,-31.1477830,8.7337312,-1.8044163,-0.0109417,6.0924131,1.8495349
34.1672699,-30.9534535,8.6872796,-1.8063612,-0.0085267,6.1527720,1.9180516
34.3670785,-30.7592017,8.6404965,-1.8078241,-0.0061191,6.2147477,1.9891334
34.5668871,-30.5649986,8.5934738,-1.8088069,-0.0037195,6.2783741,2.0629174
34.7666957,-30.3708418,8.5463096,-1.8093114,-0.0013306,6.3436865,2.1394551
34.9665043,-30.1766922,8.4990924,-1.8093389,0.0010536,6.4107193,2.1325557
35.1663129,-29.9825273,8.4519148,-1.8088905,0.0034342,6.4768455,2.0147041
35.3661215,-29.7883382,8.4048724,-1.8079666,0.0058141,6.5387031,1.8940414
35.5659301,-29.5940910,8.3580547,-1.8065670,0.0081971,6.5963269,1.7707743
35.7657387,-29.3997661,8.3115550,-1.8046908,0.0105836,6.6497489,1.6452522
35.9655473,-29.2053464,8.2654671,-1.8023366,0.0129804,6.6990023,1.5175494
36.1653559,-29.0108079,8.2198836,-1.7995030,0.0153864,6.7441138,1.3880842
36.3651645,-28.8161285,8.1748980,-1.7961878,0.0177993,6.7851141,1.2573406
36.5649731,-28.6212943,8.1306061,-1.7923888,0.0202261,6.8220399,1.1253776
36.7647817,-28.4262865,8.0871028,-1.7881049,0.0226589,6.8549215,0.9929484
36.9645903,-28.2310717,8.0444801,-1.7833344,0.0250913,6.8838033,0.8607337
37.1643989,-28.0356625,8.0028403,-1.7780774,0.0275288,6.9087417,0.7288651
37.3642075,-27.8400348,7.9622774,-1.7723357,0.0299450,6.9297892,0.5989764
37.5640161,-27.6441299,7.9228779,-1.7661129,0.0323382,6.9470382,-0.8902499
37.7638247,-27.4480213,7.8847543,-1.7594111,0.0347449,6.9213858,-2.2043726
37.9636332,-27.2516642,7.8479944,-1.7522421,0.0369728,6.8574540,-2.1177626
38.1634418,-27.0549552,7.8126704,-1.7446417,0.0391585,6.7954677,-2.0097473
38.3632504,-26.8580793,7.7789072,-1.7365462,0.0418771,6.7361155,-1.9935894
38.5630590,-26.6609277,7.7467866,-1.7280360,0.0426296,6.6767192,-1.9929828
38.7628676,-26.4633445,7.7163200,-1.7195600,0.0415185,6.6168081,-2.0576753
38.9626762,-26.2656936,7.6874918,-1.7119115,0.0350956,6.5543777,-2.3522740
39.1624848,-26.0677657,7.6600412,-1.7054892,0.0294559,6.4822725,-2.6040821
39.3622934,-25.8696087,7.6337477,-1.7001136,0.0243290,6.4015015,-2.8244284
39.5621020,-25.6714314,7.6084305,-1.6957772,0.0190966,6.3127277,-3.0382060
39.7619106,-25.4730878,7.5838612,-1.6924760,0.0139578,6.2158195,-3.2359588
39.9617192,-25.2747405,7.5598531,-1.6901954,0.0088713,6.1109138,-3.4183357
40.1615278,-25.0762595,7.5361853,-1.6889372,0.0037146,5.9981031,-3.5881614
40.3613364,-24.8777862,7.5126676,-1.6887163,-0.0015442,5.8773591,-3.4349712
40.5611450,-24.6795065,7.4891106,-1.6895616,-0.0069404,5.7593990,-3.2394948
40.7609536,-24.4809338,7.4652384,-1.6915072,-0.0125402,5.6458940,-3.0487297
40.9607622,-24.2825910,7.4408885,-1.6945936,-0.0184640,5.5369481,-2.8616049
41.1605708,-24.0845693,7.4158356,-1.6989023,-0.0247426,5.4327017,-2.6951540
41.3603794,-23.8862287,7.3897476,-1.7044526,-0.0307734,5.3326558,-2.5064325
41.5601880,-23.6882953,7.3624709,-1.7112715,-0.0380435,5.2379007,-2.2996055
41.7599966,-23.4908127,7.3337236,-1.7197116,-0.0464669,5.1494313,-2.2993357
41.9598052,-23.2932943,7.3031512,-1.7290077,-0.0464269,5.0594257,-2.3219433
42.1596138,-23.0963222,7.2708117,-1.7376934,-0.0361722,4.9668803,-2.5995086
42.3594224,-22.8993000,7.2370120,-1.7430874,-0.0183144,4.8611821,-3.0412626
42.5592310,-22.7026157,7.2024878,-1.7456706,-0.0076043,4.7345275,-3.2791761
42.7590396,-22.5058860,7.1676264,-1.7466486,-0.0057051,4.5940544,-3.1967069
42.9588482,-22.3090635,7.1325106,-1.7481932,-0.0101328,4.4528504,-3.0348565
43.1586567,-22.1125225,7.0970145,-1.7510230,-0.0181810,4.3145215,-2.8926995
43.3584653,-21.9160561,7.0607948,-1.7554543,-0.0261993,4.1784116,-2.7653925
43.5582739,-21.7196365,7.0235197,-1.7614917,-0.0343990,4.0440110,-2.6273014
43.7580825,-21.5236849,6.9849261,-1.7693648,-0.0444063,3.9120468,-2.4441547
43.9578911,-21.3280538,6.9445792,-1.7794981,-0.0588495,3.7851531,-2.2451417
44.1576997,-21.1327125,6.9018891,-1.7929832,-0.0762596,3.6647219,-2.0356735
44.3575083,-20.9383479,6.8562818,-1.8102399,-0.0964860,3.5519989,-1.8400633
44.5573169,-20.7448249,6.8069186,-1.8315635,-0.1176799,3.4469371,-1.6605281
44.7571255,-20.5521720,6.7529214,-1.8572913,-0.1394594,3.3492984,-1.4589028
44.9569341,-20.3617244,6.6937450,-1.8876797,-0.1649643,3.2611037,-1.2702531
45.1567427,-20.1729396,6.6281977,-1.9231379,-0.1908559,3.1823234,-1.0643411
45.3565513,-19.9865819,6.5554046,-1.9641820,-0.2195678,3.1147798,-0.9102885
45.5563599,-19.8038428,6.4746441,-2.0104714,-0.2438372,3.0558283,-0.7619403
45.7561685,-19.6250369,6.3849503,-2.0618473,-0.2678018,3.0055951,-0.6427828
45.9559771,-19.4514974,6.2859442,-2.1173456,-0.2886291,2.9625555,-0.5634537
46.1557857,-19.2835416,6.1768382,-2.1769517,-0.3049774,2.9243066,-0.4739275
46.3555943,-19.1231447,6.0581139,-2.2396497,-0.3221365,2.8917433,-0.4210237
46.5554029,-18.9702882,5.9289891,-2.3052348,-0.3347957,2.8625044,-0.3785416
46.7552115,-18.8261356,5.7896257,-2.3737060,-0.3459977,2.8359583,-0.3180928
46.9550201,-18.6928783,5.6416156,-2.4439633,-0.3588687,2.8134577,-0.2719875
47.1548287,-18.5701434,5.4839596,-2.5165899,-0.3694916,2.7940747,-0.2059310
47.3546373,-18.4588667,5.3168441,-2.5920867,-0.3817659,2.7793092,-0.1536728
47.5544459,-18.3612698,5.1427677,-2.6694663,-0.3914840,2.7682394,-0.1536728
47.7542545,-18.2778034,4.9623216,-2.7468576,-0.3757943,2.7571251,-0.0091314
47.9540631,-18.2077658,4.7761372,-2.8139448,-0.2973939,2.7564633,-0.8011494
48.1538716,-18.1490411,4.5854182,-2.8705235,-0.2583400,2.6977652,-0.7224156
48.3536802,-18.1013122,4.3930198,-2.9297188,-0.3459232,2.6437184,-0.4807721
48.5534888,-18.0665433,4.1970439,-3.0036776,-0.3906850,2.6071292,-0.3284089
48.7532974,-18.0470057,3.9972620,-3.0855870,-0.4208392,2.5818374,-0.2005326
48.9531060,-18.0444034,3.7962215,3.1106567,-0.4451331,2.5662713,-0.1821180
49.1529146,-18.0593718,3.5980207,3.0215586,-0.4527104,2.5520523,-0.1584161
49.3527232,-18.0924500,3.4004681,2.9295487,-0.4606320,2.5396191,-0.1283100
49.5525318,-18.1436262,3.2067970,2.8366848,-0.4688679,2.5295039,-0.1283100
49.7523404,-18.2123885,3.0192953,2.7437343,-0.4630489,2.5193482,-0.0663064
49.9521490,-18.2984265,2.8385632,2.6509336,-0.4589162,2.5140840,-0.0273841
50.1519576,-18.4003595,2.6670064,2.5602297,-0.4525244,2.5119066,0.0181874
50.3517662,-18.5179662,2.5044224,2.4711954,-0.4338488,2.5133529,0.1327252
50.5515748,-18.6488504,2.3531813,2.3858229,-0.4153060,2.5238824,0.2267680
50.7513834,-18.7908391,2.2142158,2.3058349,-0.3915370,2.5417716,0.3408776
50.9511920,-18.9453286,2.0848332,2.2319148,-0.3396462,2.5684282,0.6271249
51.1510006,-19.1068546,1.9672975,2.1696949,-0.2800618,2.6167600,0.9449808
51.3508092,-19.2733327,1.8596685,2.1218082,-0.2293249,2.6879478,1.1982251
51.5506178,-19.4453716,1.7594722,2.0740702,-0.2437771,2.7755891,0.9674771
51.7504264,-19.6225339,1.6674287,2.0262007,-0.2330844,2.8443831,0.9519842
51.9502350,-19.8029510,1.5841782,1.9799240,-0.2340581,2.9104887,0.8474347
52.1500436,-19.9876657,1.5091453,1.9333749,-0.2337666,2.9680961,0.7639477
52.3498522,-20.1769819,1.4423730,1.8863758,-0.2333435,3.0190861,0.6903169
52.5496608,-20.3683464,1.3847715,1.8400553,-0.2308211,3.0644320,0.6441008
52.7494694,-20.5615920,1.3361658,1.7946060,-0.2244808,3.1061451,0.6406998
52.9492780,-20.7581557,1.2960247,1.7500443,-0.2184661,3.1470894,0.6376615
53.1490865,-20.9555371,1.2646305,1.7072842,-0.2102951,3.1873174,0.6598903
53.3488951,-21.1540075,1.2415560,1.6661568,-0.2002235,3.2284200,0.7041199
53.5487037,-21.3537023,1.2264255,1.6269762,-0.1907042,3.2717081,0.7440347
53.7485123,-21.5533383,1.2189177,1.5902289,-0.1776763,3.3168363,0.8246952
53.9483209,-21.7534147,1.2185084,1.5558913,-0.1647095,3.3661500,0.9064567
54.1481295,-21.9529513,1.2246754,1.5243406,-0.1517077,3.4195323,0.9915624
54.3479381,-22.1527215,1.2368895,1.4957268,-0.1338105,3.4769882,1.1398691
54.5477467,-22.3515732,1.2543874,1.4711520,-0.1079792,3.5418862,1.3938359
54.7475553,-22.5500886,1.2761415,1.4534383,-0.0691260,3.6196628,1.8315748
54.9473639,-22.7484391,1.3007116,1.4424744,-0.0431929,3.7193934,2.1250561
55.1471725,-22.9464582,1.3269801,1.4360093,-0.0250208,3.8318529,2.3381694
55.3469811,-23.1444018,1.3542983,1.4314398,-0.0207002,3.9518944,2.3635309
55.5467897,-23.3422780,1.3824516,1.4275289,-0.0193425,4.0696409,2.3475244
55.7465983,-23.5398832,1.4113466,1.4236713,-0.0192848,4.1833106,2.3115766
55.9464069,-23.7375451,1.4410281,1.4198265,-0.0191873,4.2922993,2.2770338
56.1462155,-23.9350644,1.4714631,1.4160008,-0.0191028,4.3970189,2.2429611
56.3460241,-24.1322906,1.5026240,1.4121939,-0.0190292,4.4977885,2.2093538
56.5458327,-24.3296464,1.5345748,1.4083969,-0.0189552,4.5948881,2.1764105
56.7456413,-24.5267897,1.5672583,1.4046158,-0.0188910,4.6885742,2.1438937
56.9454499,-24.7236258,1.6006545,1.4008498,-0.0188344,4.7790653,2.1118210
57.1452585,-24.9206402,1.6348440,1.3970913,-0.0187589,4.8665578,2.0807918
57.3450671,-25.1173953,1.6697492,1.3933466,-0.0187502,4.9512529,2.0487317
57.5448757,-25.3138295,1.7053569,1.3895983,-0.0187851,5.0332508,2.0160778
57.7446843,-25.5104518,1.7417580,1.3858911,-0.0182896,5.1126581,1.9977411
57.9444929,-25.7067803,1.7788465,1.3823176,-0.0172286,5.1901449,1.9957098
58.1443014,-25.9028469,1.8165839,1.3790332,-0.0156746,5.2664148,2.0090761
58.3441100,-26.0990285,1.8549821,1.3760357,-0.0143075,5.3420956,2.0194068
58.5439186,-26.2950047,1.8939222,1.3733179,-0.0128826,5.4171003,2.0334929
58.7437272,-26.4907930,1.9333488,1.3708917,-0.0114124,5.4915931,2.0510664
58.9435358,-26.6866212,1.9732484,1.3687562,-0.0099537,5.5657197,2.0704613
59.1433444,-26.8823296,2.0135291,1.3669145,-0.0084811,5.6395592,2.0924699
59.3431530,-27.0779186,2.0541308,1.3653685,-0.0069975,5.7132140,2.1170328
59.5429616,-27.2735073,2.0950177,1.3641182,-0.0055147,5.7867795,2.1438022
59.7427702,-27.4690406,2.1361179,1.3631648,-0.0040301,5.8603342,2.1728862
59.9425788,-27.6645205,2.1773713,1.3625082,-0.0025441,5.9339565,2.2042972
60.1423874,-27.8599990,2.2187282,1.3621478,-0.0010622,6.0077213,2.2378777
60.3421960,-28.0554540,2.2601235,1.3620833,0.0004144,6.0816946,2.2429533
60.5420046,-28.2509211,2.3015045,1.3623131,0.0018851,6.1549437,2.1688929
60.7418132,-28.4464247,2.3428162,1.3628360,0.0033462,6.2249546,2.0932616
60.9416218,-28.6418980,2.3839851,1.3636494,0.0047957,6.2917853,2.0163065
61.1414304,-28.8374497,2.4249750,1.3647512,0.0062312,6.3554947,1.9383016
61.3412390,-29.0331116,2.4657337,1.3661387,0.0076490,6.4161431,1.8595742
61.5410476,-29.2286947,2.5061643,1.3678064,0.0090479,6.4737941,1.7803616
61.7408562,-29.4244245,2.5462566,1.3697517,0.0104225,6.5285123,-1.1322955
61.9406648,-29.6203665,2.5859674,1.3719706,0.0117687,6.4937653,-3.2846363
62.1404734,-29.8161416,2.6251654,1.3744527,0.0130867,6.3919004,-3.2249964
62.3402820,-30.0121360,2.6638749,1.3771955,0.0143671,6.2902804,-3.1703539
62.5400906,-30.2084300,2.7020583,1.3801932,0.0156057,6.1887559,-3.1201507
62.7398992,-30.4044938,2.7395630,1.3834296,0.0168109,6.0871860,-3.0752771
62.9397078,-30.6008315,2.7764375,1.3869032,0.0179522,5.9853905,-3.0354064
63.1395164,-30.7975616,2.8126555,1.3906030,0.0190305,5.8831878,-2.9971935
63.3393249,-30.9939473,2.8480382,1.3945123,0.0201375,5.7804990,-2.9682856
63.5391335,-31.1907044,2.8826721,1.3986331,0.0210375,5.6769702,-2.9473872
63.7389421,-31.3878988,2.9165289,1.4029142,0.0217479,5.5722674,-2.9025755
63.9387507,-31.5846358,2.9494222,1.4074073,0.0233129,5.4671972,-2.9025643
64.1385593,-31.7818636,2.9814570,1.4121459,0.0231452,5.3600682,-2.9110860
64.3383679,-31.9794335,3.0126151,1.4165274,0.0206714,5.2504296,-2.9829147
64.5381765,-32.1766309,3.0429062,1.4199597,0.0130305,5.1356584,-3.1856926
64.7379851,-32.3744623,3.0727661,1.4217774,0.0060869,5.0101826,-3.3509387
64.9377937,-32.5720617,3.1023326,1.4226476,0.0026459,4.8747140,-3.2765958
65.1376023,-32.7697024,3.1317724,1.4234081,0.0077348,4.7385074,-3.0637087
65.3374109,-32.9675546,3.1609285,1.4258701,0.0170525,4.6075093,-2.8157445
65.5372195,-33.1652815,3.1893610,1.4304916,0.0292186,4.4837397,-2.5885587
65.7370281,-33.3633081,3.2166569,1.4375615,0.0416294,4.3668626,-2.3768346
65.9368367,-33.5614582,3.2422908,1.4471548,0.0544451,4.2567200,-2.1306321
66.1366453,-33.7600185,3.2657697,1.4595811,0.0703984,4.1555058,-1.8919920
66.3364539,-33.9587136,3.2864328,1.4753310,0.0871560,4.0635152,-1.6765242
66.5362625,-34.1578586,3.3036445,1.4943819,0.1035947,3.9802246,-1.4932811
66.7360711,-34.3573802,3.3167346,1.5166873,0.1188842,3.9045418,-1.3259441
66.9358797,-34.5566899,3.3250627,1.5418831,0.1338143,3.8360887,-1.2043926
67.1356883,-34.7568765,3.3280887,1.5698939,0.1462002,3.7728346,-1.0973873
67.3354969,-34.9566915,3.3252636,1.6003684,0.1579665,3.7142625,-1.0075241
67.5353055,-35.1559623,3.3161552,1.6329387,0.1688221,3.6596615,-0.9537429
67.7351141,-35.3556499,3.3002770,1.6676236,0.1773128,3.6072136,-0.9091834
67.9349227,-35.5540458,3.2773938,1.7039127,0.1853529,3.5564961,-0.8818742
68.1347313,-35.7512232,3.2472260,1.7415534,0.1923113,3.5066013,-0.8804597
68.3345398,-35.9480094,3.2093359,1.7806347,0.1975039,3.4560680,-0.8800655
68.5343484,-36.1424758,3.1638543,1.8206261,0.2024418,3.4048079,-0.8843809
68.7341570,-36.3343331,3.1107325,1.8613401,0.2067698,3.3525069,-0.8992320
68.9339656,-36.5252439,3.0492836,1.9031739,0.2104211,3.2984775,-0.9269325
69.1337742,-36.7127786,2.9800727,1.9456719,0.2149624,3.2418414,-0.9502479
69.3335828,-36.8966701,2.9030909,1.9890152,0.2206914,3.1827348,-0.9644028
69.5333914,-37.0770947,2.8180353,2.0338972,0.2289525,3.1216035,-0.8821134
69.7332000,-37.2539309,2.7244988,2.0813410,0.2455549,3.0646208,-0.7680828
69.9330086,-37.4255432,2.6226470,2.1321999,0.2657251,3.0141270,-0.7185285
70.1328172,-37.5914228,2.5119344,2.1869267,0.2793757,2.9661129,-0.7108502
70.3326258,-37.7511644,2.3919849,2.2427982,0.2802272,2.9178344,-0.7833717
70.5324344,-37.9037406,2.2633814,2.2997624,0.2885070,2.8636880,-0.6269764
70.7322430,-38.0482266,2.1265014,2.3597086,0.3185411,2.8196025,-0.4266990
70.9320516,-38.1842913,1.9801663,2.4264375,0.3508272,2.7892009,-0.1813502
71.1318602,-38.3102517,1.8239828,2.5006322,0.3857713,2.7761793,-0.1533269
71.3316688,-38.4232166,1.6596927,2.5780711,0.3923672,2.7651219,-0.1533269
71.5314774,-38.5232116,1.4866929,2.6569016,0.3930985,2.7540202,-0.1336034
71.7312860,-38.6094390,1.3060382,2.7356447,0.3918536,2.7443099,-0.1021694
71.9310946,-38.6811409,1.1195578,2.8131912,0.3858029,2.7368610,-0.0400298
72.1309032,-38.7383329,0.9279107,2.8896231,0.3767789,2.7339370,0.0339111
72.3307118,-38.7808888,0.7325924,2.9642738,0.3684698,2.7364143,0.0907517
72.5305204,-38.8089417,0.5348689,3.0366762,0.3577290,2.7430328,0.1574781
72.7303290,-38.8228535,0.3350189,3.1069811,0.3430792,2.7544800,0.2448545
72.9301376,-38.8230108,0.1352347,-3.1091205,0.3251399,2.7721847,0.3471864
73.1299462,-38.8102968,-0.0633516,-3.0470939,0.2980509,2.7970967,0.5112307
73.3297547,-38.7855894,-0.2623882,-2.9899986,0.2707336,2.8333807,0.6655482
73.5295633,-38.7503145,-0.4588323,-2.9387935,0.2412140,2.8799324,0.1342708
73.7293719,-38.7058291,-0.6526793,-2.8938226,0.2305902,2.8892331,-1.0494375
73.9291805,-38.6520532,-0.8453329,-2.8437973,0.2660790,2.8157227,-0.6648278
74.1289891,-38.5882764,-1.0338020,-2.7848442,0.3248021,2.7681434,-0.3920065
74.3287977,-38.5122662,-1.2183180,-2.7154436,0.3675096,2.7397017,-0.1954351
74.5286063,-38.4225638,-1.3974471,-2.6381007,0.3976269,2.7254112,-0.1477703
74.7284149,-38.3191577,-1.5685902,-2.5577515,0.4071211,2.7145561,-0.1477703
74.9282235,-38.2024474,-1.7304933,-2.4762954,0.4076547,2.7036573,-0.1264457
75.1280321,-38.0725910,-1.8827337,-2.3943892,0.4088214,2.6942964,-0.1133025
75.3278407,-37.9308912,-2.0236896,-2.3126940,0.4100528,2.6858808,-0.1027675
75.5276493,-37.7780784,-2.1526603,-2.2310388,0.4063943,2.6782248,-0.0588621
75.7274579,-37.6152757,-2.2687826,-2.1497726,0.4036886,2.6738298,-0.0294870
75.9272665,-37.4440953,-2.3711365,-2.0697205,0.4004414,2.6716254,-0.0013166
76.1270751,-37.2644065,-2.4599664,-1.9904769,0.3903834,2.6715269,0.0706891
76.3268837,-37.0786848,-2.5343307,-1.9131974,0.3793945,2.6768086,0.1378333
76.5266923,-36.8888072,-2.5941213,-1.8388921,0.3673046,2.6870774,0.2031256
76.7265009,-36.6940608,-2.6401353,-1.7674936,0.3448127,2.7021394,0.3359089
76.9263095,-36.4969546,-2.6724251,-1.6983167,0.3553262,2.7268650,0.2087543
77.1261181,-36.2986154,-2.6906701,-1.6262937,0.3694239,2.7421186,0.0714363
77.3259267,-36.0990951,-2.6942879,-1.5511209,0.3835638,2.7473190,-0.0464070
77.5257353,-35.8996896,-2.6826036,-1.4729446,0.3976250,2.7439418,-0.1447918
77.7255439,-35.7022061,-2.6553939,-1.3957905,0.3714382,2.7333780,0.0750265
77.9253525,-35.5070657,-2.6136023,-1.3250364,0.3360611,2.7388569,0.3286645
78.1251611,-35.3146984,-2.5586739,-1.2615181,0.2986603,2.7627300,0.5673604
78.3249697,-35.1261152,-2.4924172,-1.2055742,0.2616165,2.8034629,0.7862422
78.5247782,-34.9418030,-2.4167008,-1.1581192,0.2129843,2.8589509,1.0952422
78.7245868,-34.7603080,-2.3329491,-1.1205110,0.1610731,2.9344978,1.4402687
78.9243954,-34.5810015,-2.2430834,-1.0936875,0.1073456,3.0309790,1.8296055
79.1242040,-34.4050861,-2.1501854,-1.0780723,0.0504782,3.1492817,2.3004687
79.3240126,-34.2294169,-2.0551358,-1.0734779,-0.0060415,3.2920028,2.7172015
79.5238212,-34.0527822,-1.9598289,-1.0803680,-0.0614977,3.4529875,2.0276549
79.7236298,-33.8770644,-1.8677241,-1.0971021,-0.1056771,3.5683902,1.3990215
79.9234384,-33.6977823,-1.7784643,-1.1212804,-0.1240797,3.6458856,1.0841127
80.1232470,-33.5163905,-1.6936544,-1.1453987,-0.1178388,3.7048228,1.1073300
80.3230556,-33.3324917,-1.6129548,-1.1693551,-0.1234672,3.7640696,0.9665675
80.5228642,-33.1475425,-1.5372293,-1.1955604,-0.1381231,3.8150330,-0.7014456
80.7226728,-32.9589001,-1.4658993,-1.2228999,-0.1345405,3.7781169,-1.3551776
80.9224814,-32.7685764,-1.3997807,-1.2495973,-0.1229316,3.7057543,-1.5652087
81.1222900,-32.5816586,-1.3398982,-1.2709509,-0.0886819,3.6203771,-1.2040733
81.3220986,-32.3888274,-1.2806831,-1.2663288,0.1622943,3.5533030,-1.1649846
81.5219072,-32.2021537,-1.2179438,-1.2297180,0.1144040,3.4871785,-1.8416163
81.7217158,-32.0173126,-1.1513962,-1.2278075,-0.0958138,3.3800108,-0.9294695
81.9215244,-31.8272873,-1.0867030,-1.2613518,-0.2073803,3.3246114,-0.6224376
82.1213330,-31.6334552,-1.0294175,-1.3066172,-0.2401105,3.2869901,-0.5894602
82.3211416,-31.4408841,-0.9822656,-1.3549289,-0.2481354,3.2509607,-0.5096604
82.5209502,-31.2431086,-0.9441631,-1.4064586,-0.2603160,3.2194839,-0.3694254
82.7207588,-31.0448522,-0.9166519,-1.4599359,-0.2775126,3.1964743,-0.2457809
82.9205674,-30.8449310,-0.9001435,-1.5173059,-0.2922302,3.1810736,-0.2013125
83.1203760,-30.6456082,-0.8953869,-1.5769245,-0.2988410,3.1684036,-0.2013125
83.3201846,-30.4459788,-0.9023945,-1.6338762,-0.2697755,3.1556827,0.1137862
83.5199931,-30.2470649,-0.9201315,-1.6845686,-0.2388351,3.1628791,0.4101297
83.7198017,-30.0493120,-0.9473175,-1.7292603,-0.2086305,3.1886830,0.6748098
83.9196103,-29.8526552,-0.9827439,-1.7677020,-0.1758107,3.2306911,0.9556941
84.1194189,-29.6574255,-1.0250423,-1.7995409,-0.1434248,3.2892669,1.2312829
84.3192275,-29.4634831,-1.0729173,-1.8250302,-0.1124442,3.3632304,1.5012770
84.5190361,-29.2706183,-1.1251773,-1.8449309,-0.0867143,3.4512686,1.7282613
84.7188447,-29.0786959,-1.1807729,-1.8597840,-0.0626114,3.5499152,1.9582660
84.9186533,-28.8875101,-1.2387581,-1.8699938,-0.0399613,3.6584771,2.1967347
85.1184619,-28.6967544,-1.2983017,-1.8760945,-0.0210841,3.7765470,2.4132833
85.3182705,-28.5062656,-1.3586495,-1.8785579,-0.0045795,3.9021400,2.6249208
85.5180791,-28.3158786,-1.4191586,-1.8779992,0.0093662,4.0343104,2.5211756
85.7178877,-28.1253358,-1.4793940,-1.8758791,0.0118535,4.1573027,2.4485468
85.9176963,-27.9346813,-1.5391722,-1.8733595,0.0126008,4.2733648,2.4036791
86.1175049,-27.7439046,-1.5984635,-1.8709042,0.0119783,4.3843127,2.3842792
86.3173135,-27.5529381,-1.6573130,-1.8685739,0.0113436,4.4916586,2.3665642
86.5171221,-27.3618604,-1.7157229,-1.8663713,0.0107015,4.5957281,2.3504335
86.7169307,-27.1706744,-1.7737192,-1.8642980,0.0100532,4.6968064,2.3358481
86.9167393,-26.9793407,-1.8313409,-1.8623545,0.0093989,4.7951471,2.3227896
87.1165479,-26.7879136,-1.8885988,-1.8605422,0.0087411,4.8909776,2.3111867
87.3163565,-26.5963975,-1.9455192,-1.8588617,0.0080804,4.9845012,2.3010057
87.5161651,-26.4047681,-2.0021367,-1.8573133,0.0074175,5.0759013,2.2922163
87.7159737,-26.2130650,-2.0584672,-1.8558975,0.0067532,5.1653444,2.2847765
87.9157823,-26.0212945,-2.1145365,-1.8546147,0.0060858,5.2529819,2.2787170
88.1155909,-25.8294391,-2.1703781,-1.8534748,0.0053238,5.3389543,2.2766347
88.3153995,-25.6375322,-2.2260137,-1.8524975,0.0043624,5.4234874,2.2818268
88.5152080,-25.4455856,-2.2814798,-1.8517405,0.0032138,5.5069114,2.2943942
88.7150166,-25.2535871,-2.3368280,-1.8512228,0.0019675,5.5895395,2.3119988
88.9148252,-25.0615736,-2.3920987,-1.8509541,0.0007231,5.6715841,2.3316825
89.1146338,-24.8695631,-2.4473386,-1.8509338,-0.0005199,5.7531424,2.3190497
89.3144424,-24.6775430,-2.5026029,-1.8511644,-0.0017883,5.8331277,2.2568260
89.5142510,-24.4855566,-2.5579307,-1.8516141,-0.0023838,5.9099277,2.2163273
89.7140596,-24.2935854,-2.6133520,-1.8520851,-0.0023299,5.9843904,2.1983843
89.9138682,-24.1016487,-2.6688600,-1.8525430,-0.0022538,6.0573460,2.1815139
90.1136768,-23.9097300,-2.7244565,-1.8529859,-0.0021807,6.1288833,2.1648122
90.3134854,-23.7178305,-2.7801381,-1.8534146,-0.0021103,6.1990569,2.1482828
90.5132940,-23.5259662,-2.8358972,-1.8538291,-0.0020387,6.2679181,2.1320689
90.7131026,-23.3341186,-2.8917361,-1.8542293,-0.0019674,6.3355196,2.1161102
90.9129112,-23.1422870,-2.9476523,-1.8546153,-0.0018962,6.4019093,2.1004033
91.1127198,-22.9504887,-3.0036376,-1.8549871,-0.0018252,6.4671323,2.0849517
91.3125284,-22.7587046,-3.0596946,-1.8553447,-0.0017542,6.5312313,2.0697496
91.5123370,-22.5669345,-3.1158206,-1.8556881,-0.0016834,6.5942468,2.0547933
91.7121456,-22.3751949,-3.1720076,-1.8560174,-0.0016127,6.6562167,2.0400775
91.9119542,-22.1834674,-3.2282581,-1.8563326,-0.0015420,6.7171773,2.0256003
92.1117628,-21.9917520,-3.2845693,-1.8566336,-0.0014715,6.7771628,2.0113581
92.3115714,-21.8000640,-3.3409337,-1.8569206,-0.0014012,6.8362058,1.9973454
92.5113800,-21.6083861,-3.3973534,-1.8571936,-0.0013309,6.8943370,1.9835607
92.7111886,-21.4167185,-3.4538254,-1.8574525,-0.0012607,6.9515860,1.9700006
92.9109972,-21.2250751,-3.5103428,-1.8576974,-0.0011907,7.0079807,1.9566598
93.1108058,-21.0334398,-3.5669074,-1.8579283,-0.0011208,7.0635479,1.9435373
93.3106144,-20.8418131,-3.6235161,-1.8581453,-0.0010510,7.1183130,1.9306297
93.5104229,-20.6502073,-3.6801623,-1.8583483,-0.0009813,7.1723004,1.9179320
93.7102315,-20.4586075,-3.7368477,-1.8585374,-0.0009117,7.2255333,1.9054435
93.9100401,-20.2670147,-3.7935689,-1.8587127,-0.0008422,7.2780340,1.8931611
94.1098487,-20.0754393,-3.8503200,-1.8588740,-0.0007728,7.3298239,1.8810800
94.3096573,-19.8838680,-3.9071021,-1.8590215,-0.0007035,7.3809234,1.8691996
94.5094659,-19.6923022,-3.9639119,-1.8591551,-0.0006343,7.4313522,1.8575170
94.7092745,-19.5007501,-4.0207440,-1.8592750,-0.0005652,7.4811290,1.8460279
94.9090831,-19.3092004,-4.0775990,-1.8593810,-0.0004962,7.5302719,1.8347318
95.1088917,-19.1176545,-4.1344735,-1.8594733,-0.0004272,7.5787984,1.8236259
95.3087003,-18.9261187,-4.1913628,-1.8595517,-0.0003584,7.6267252,1.8127064
95.5085089,-18.7345835,-4.2482668,-1.8596165,-0.0002895,7.6740684,1.8019727
95.7083175,-18.5430504,-4.3051822,-1.8596675,-0.0002208,7.7208436,1.7914222
95.9081261,-18.3515238,-4.3621050,-1.8597047,-0.0001521,7.7670656,1.7810518
96.1079347,-18.1599963,-4.4190343,-1.8597282,-0.0000835,7.8127490,1.7708605
96.3077433,-17.9684689,-4.4759671,-1.8597381,-0.0000149,7.8579077,1.7608461
96.5075519,-17.7769445,-4.5328996,-1.8597342,0.0000537,7.9025552,1.7442999
96.7073605,-17.5854175,-4.5898306,-1.8597166,0.0001222,7.9465358,1.7259570
96.9071691,-17.3938889,-4.6467570,-1.8596853,0.0001907,7.9898156,0.4075085
97.1069777,-17.2023597,-4.7036757,-1.8596404,0.0002592,8.0000000,0.0000000
97.3067863,-17.0108263,-4.7605848,-1.8595818,0.0003277,8.0000000,0.0000000
97.5065949,-16.8192893,-4.8174813,-1.8595095,0.0003961,8.0000000,0.0000000
97.7064035,-16.6277484,-4.8743625,-1.8594235,0.0004646,8.0000000,0.0000000
97.9062121,-16.4362016,-4.9312261,-1.8593238,0.0005330,8.0000000,0.0000000
98.1060207,-16.2446491,-4.9880692,-1.8592105,0.0006015,8.0000000,0.0000000
98.3058293,-16.0530895,-5.0448894,-1.8590835,0.0006700,8.0000000,0.0000000
98.5056379,-15.8615225,-5.1016838,-1.8589427,0.0007385,8.0000000,0.0000000
98.7054464,-15.6699474,-5.1584499,-1.8587884,0.0008070,8.0000000,0.0000000
98.9052550,-15.4783622,-5.2151854,-1.8586203,0.0008756,8.0000000,0.0000000
99.1050636,-15.2867680,-5.2718871,-1.8584385,0.0009442,8.0000000,0.0000000
99.3048722,-15.0951634,-5.3285526,-1.8582429,0.0010128,8.0000000,0.0000000
99.5046808,-14.9035457,-5.3851798,-1.8580337,0.0010815,8.0000000,0.0000000
99.7044894,-14.7119173,-5.4417651,-1.8578108,0.0011503,8.0000000,0.0000000
99.9042980,-14.5202761,-5.4983063,-1.8575740,0.0012191,8.0000000,0.0000000
100.1041066,-14.3286191,-5.5548014,-1.8573236,0.0012879,8.0000000,0.0000000
100.3039152,-14.1369497,-5.6112466,-1.8570594,0.0013569,8.0000000,0.0000000
100.5037238,-13.9452650,-5.6676398,-1.8567814,0.0014258,8.0000000,0.0000000
100.7035324,-13.7535618,-5.7239791,-1.8564895,0.0014950,8.0000000,0.0000000
100.9033410,-13.5618445,-5.7802604,-1.8561839,0.0015641,8.0000000,0.0000000
101.1031496,-13.3701094,-5.8364818,-1.8558645,0.0016328,8.0000000,0.0000000
101.3029582,-13.1783532,-5.8926414,-1.8555312,0.0017036,8.0000000,0.0000000
101.5027668,-12.9865812,-5.9487348,-1.8551838,0.0017722,8.0000000,0.0000000
101.7025754,-12.7947888,-6.0047605,-1.8548235,0.0018344,8.0000000,0.0000000
101.9023840,-12.6029727,-6.0607166,-1.8544486,0.0019240,8.0000000,0.0000000
102.1021926,-12.4111382,-6.1165982,-1.8540563,0.0019547,8.0000000,0.0000000
102.3020012,-12.2192820,-6.1724054,-1.8536792,0.0018208,8.0000000,0.0000000
102.5018098,-12.0274014,-6.2281442,-1.8533337,0.0016234,8.0000000,0.0000000
102.7016184,-11.8355093,-6.2838189,-1.8530307,0.0014138,8.0000000,0.0000000
102.9014270,-11.6435991,-6.3394400,-1.8527677,0.0012185,8.0000000,0.0000000
103.1012356,-11.4516723,-6.3950153,-1.8525440,0.0010190,8.0000000,0.0000000
103.3010442,-11.2597392,-6.4505501,-1.8523605,0.0008185,8.0000000,0.0000000
103.5008528,-11.0677948,-6.5060541,-1.8522169,0.0006189,8.0000000,0.0000000
103.7006613,-10.8758411,-6.5615351,-1.8521132,0.0004189,8.0000000,0.0000000
103.9004699,-10.6838872,-6.6169988,-1.8520495,0.0002187,8.0000000,0.0000000
104.1002785,-10.4919287,-6.6724546,-1.8520258,0.0000185,8.0000000,0.0000000
104.3000871,-10.2999681,-6.7279104,-1.8520422,-0.0001819,8.0000000,0.0000000
104.4998957,-10.1080133,-6.7833720,-1.8520985,-0.0003824,8.0000000,0.0000000
104.6997043,-9.9160608,-6.8388488,-1.8521950,-0.0005829,8.0000000,0.0000000
104.8995129,-9.7241132,-6.8943485,-1.8523315,-0.0007836,8.0000000,0.0000000
105.0993215,-9.5321776,-6.9498772,-1.8525081,-0.0009843,8.0000000,0.0000000
105.2991301,-9.3402510,-7.0054443,-1.8527248,-0.0011851,8.0000000,0.0000000
105.4989387,-9.1483366,-7.0610570,-1.8529817,-0.0013861,8.0000000,0.0000000
105.6987473,-8.9564402,-7.1167222,-1.8532787,-0.0015871,8.0000000,0.0000000
105.8985559,-8.7645598,-7.1724487,-1.8536159,-0.0017882,8.0000000,0.0000000
106.0983645,-8.5726987,-7.2282439,-1.8539933,-0.0019893,8.0000000,0.0000000
106.2981731,-8.3808618,-7.2841148,-1.8544109,-0.0021905,8.0000000,0.0000000
106.4979817,-8.1890481,-7.3400701,-1.8548687,-0.0023918,8.0000000,0.0000000
106.6977903,-7.9972607,-7.3961172,-1.8553681,-0.0026118,8.0000000,0.0000000
106.8975989,-7.8055041,-7.4522640,-1.8559131,-0.0028619,8.0000000,0.0000000
107.0974075,-7.6137786,-7.5085210,-1.8565179,-0.0031917,8.0000000,0.0000000
107.2972161,-7.4220891,-7.5649003,-1.8571899,-0.0035401,8.0000000,0.0000000
107.4970247,-7.2304402,-7.6214150,-1.8579328,-0.0038956,8.0000000,0.0000000
107.6968333,-7.0388347,-7.6780791,-1.8587467,-0.0042513,8.0000000,0.0000000
107.8966419,-6.8472779,-7.7349057,-1.8596317,-0.0046069,8.0000000,0.0000000
108.0964505,-6.6557731,-7.7919088,-1.8605877,-0.0049625,8.0000000,0.0000000
108.2962591,-6.4643251,-7.8491017,-1.8616148,-0.0053182,8.0000000,0.0000000
108.4960677,-6.2729387,-7.9064977,-1.8627129,-0.0056737,8.0000000,0.0000000
108.6958762,-6.0816160,-7.9641112,-1.8638821,-0.0060292,8.0000000,0.0000000
108.8956848,-5.8903638,-8.0219547,-1.8651223,-0.0063845,8.0000000,0.0000000
109.0954934,-5.6991869,-8.0800419,-1.8664334,-0.0067397,8.0000000,0.0000000
109.2953020,-5.5080852,-8.1383873,-1.8678155,-0.0070946,8.0000000,0.0000000
109.4951106,-5.3170687,-8.1970030,-1.8692685,-0.0074492,8.0000000,0.0000000
109.6949192,-5.1261413,-8.2559023,-1.8707923,-0.0078035,8.0000000,0.0000000
109.8947278,-4.9353009,-8.3151008,-1.8723869,-0.0081573,8.0000000,0.0000000
110.0945364,-4.7445613,-8.3746091,-1.8740521,-0.0085106,8.0000000,0.0000000
110.2943450,-4.5539252,-8.4344410,-1.8757878,-0.0088633,8.0000000,0.0000000
110.4941536,-4.3633879,-8.4946127,-1.8775940,-0.0092152,8.0000000,0.0000000
110.6939622,-4.1729680,-8.5551331,-1.8794703,-0.0095664,8.0000000,0.0000000
110.8937708,-3.9826663,-8.6160168,-1.8814167,-0.0099167,8.0000000,0.0000000
111.0935794,-3.7924754,-8.6772806,-1.8834332,-0.0102660,8.0000000,0.0000000
111.2933880,-3.6024198,-8.7389315,-1.8855191,-0.0106140,8.0000000,0.0000000
111.4931966,-3.4124976,-8.8009846,-1.8876745,-0.0109608,8.0000000,0.0000000
111.6930052,-3.2226979,-8.8634580,-1.8898992,-0.0113062,8.0000000,-0.9293832
111.8928138,-3.0330533,-8.9263555,-1.8921926,-0.0116499,7.9767539,-3.5016666
112.0926224,-2.8435571,-8.9896938,-1.8945544,-0.0119919,7.8885535,-3.4697988
112.2924310,-2.6541952,-9.0534920,-1.8969847,-0.0123319,7.8001721,-3.4390906
112.4922396,-2.4650102,-9.1177501,-1.8994824,-0.0126699,7.7115735,-3.4095279
112.6920482,-2.2759884,-9.1824870,-1.9020474,-0.0130055,7.6227199,-3.3810971
112.8918568,-2.0871126,-9.2477227,-1.9046796,-0.0133387,7.5335725,-3.3537906
113.0916654,-1.8984379,-9.3134523,-1.9073776,-0.0136690,7.4440904,-3.3275837
113.2914740,-1.7099406,-9.3796980,-1.9101415,-0.0139966,7.3542316,-3.3024706
113.4912826,-1.5216005,-9.4464807,-1.9129709,-0.0143211,7.2639520,-3.2784811
113.6910912,-1.3334892,-9.5137889,-1.9158641,-0.0146413,7.1732044,-3.2554609
113.8908997,-1.1455678,-9.5816499,-1.9188213,-0.0149599,7.0819435,-3.2334918
114.0907083,-0.9578144,-9.6500853,-1.9218425,-0.0152749,6.9901190,-3.2130775
114.2905169,-0.7703216,-9.7190746,-1.9249241,-0.0155750,6.8976636,-3.1925501
114.4903255,-0.5830295,-9.7886526,-1.9280670,-0.0158949,6.8045548,-3.1727013
114.6901341,-0.3959138,-9.8588422,-1.9312768,-0.0162186,6.7107451,-3.1596019
114.8899427,-0.2090936,-9.9296116,-1.9345356,-0.0164072,6.6160009,-3.1597337
115.0897513,-0.0224499,-10.0010097,-1.9377039,-0.0141677,6.5198761,-3.2505988
115.2895599,0.1639830,-10.0729297,-1.9401011,-0.0098324,6.4194851,-3.4218367
115.4893685,0.3502935,-10.1452240,-1.9416435,-0.0056038,6.3120808,-3.5765326
115.6891771,0.5365227,-10.2177268,-1.9423389,-0.0013391,6.1978319,-3.6309416
115.8889857,0.7226360,-10.2902417,-1.9421754,0.0029835,6.0796491,-3.4493197
116.0887943,0.9089646,-10.3627119,-1.9411361,0.0074264,5.9652097,-3.2765691
116.2886029,1.0953091,-10.4348697,-1.9392002,0.0119842,5.8544302,-3.1114164
116.4884115,1.2816953,-10.5065306,-1.9363400,0.0166804,5.7472583,-2.9505767
116.6882201,1.4685829,-10.5776690,-1.9325145,0.0216051,5.6437467,-2.7966900
116.8880287,1.6556185,-10.6479401,-1.9276949,0.0266686,5.5438498,-2.6493648
117.0878373,1.8428896,-10.7171632,-1.9218532,0.0318691,5.4475260,-2.5025431
117.2876459,2.0308869,-10.7852952,-1.9149295,0.0374013,5.3549491,-2.3708355
117.4874545,2.2192128,-10.8519583,-1.9069115,0.0427440,5.2657434,-2.2545596
117.6872631,2.4079946,-10.9169750,-1.8978686,0.0478403,5.1794877,-2.0992794
117.8870717,2.5976162,-10.9802476,-1.8876170,0.0547123,5.0978608,-2.0776886
118.0868803,2.7876463,-11.0413664,-1.8762678,0.0567144,5.0157656,-2.0756671
118.2866889,2.9785787,-11.1004075,-1.8652318,0.0523758,4.9323860,-2.2056386
118.4864975,3.1697960,-11.1574783,-1.8572769,0.0274823,4.8422124,-2.8243830
118.6863061,3.3615691,-11.2135615,-1.8540381,0.0063087,4.7242300,-3.1767124
118.8861146,3.5536794,-11.2694754,-1.8546167,-0.0116581,4.5879058,-2.9029978
119.0859232,3.7453059,-11.3257063,-1.8582734,-0.0249307,4.4596852,-2.9029695
119.2857318,3.9367859,-11.3829001,-1.8637893,-0.0244609,4.3276686,-2.9171103
119.4855404,4.1280484,-11.4410366,-1.8676273,-0.0136204,4.1908219,-3.1134278
119.6853490,4.3190022,-11.4996146,-1.8687311,0.0025406,4.0396546,-3.0168314
119.8851576,4.5100122,-11.5581035,-1.8666011,0.0189398,3.8875740,-2.7842535
120.0849662,4.7013964,-11.6159160,-1.8611617,0.0354633,3.7417370,-2.5679945
120.2847748,4.8928772,-11.6722701,-1.8522870,0.0533503,3.6019968,-2.3716390
120.4845834,5.0850327,-11.7266051,-1.8398184,0.0723009,3.4679437,-2.1990419
120.6843920,5.2783481,-11.7782635,-1.8233647,0.0919021,3.3388409,-2.0072928
120.8842006,5.4717798,-11.8261350,-1.8026391,0.1160070,3.2164747,-1.8362040
121.0840092,5.6667475,-11.8696286,-1.7771052,0.1411318,3.1003114,-1.6784069
121.2838178,5.8631414,-11.9076574,-1.7461324,0.1678627,2.9901857,-1.4283272
121.4836264,6.0600646,-11.9389231,-1.7089837,0.2078184,2.8931690,-1.1738002
121.6834350,6.2591438,-11.9620977,-1.6629199,0.2511783,2.8109351,-0.9464285
121.8832436,6.4584005,-11.9752045,-1.6086486,0.2930206,2.7428355,-0.7582107
122.0830522,6.6584739,-11.9766272,-1.5459240,0.3305440,2.6870342,-0.5814769
122.2828608,6.8578857,-11.9648428,-1.4764284,0.3661608,2.6434418,-0.4758081
122.4826694,7.0563139,-11.9385109,-1.4005141,0.3913868,2.6072291,-0.3584858
122.6824780,7.2516024,-11.8968194,-1.3194903,0.4170118,2.5796097,-0.2949954
122.8822866,7.4430480,-11.8389608,-1.2345570,0.4338841,2.5566582,-0.2603307
123.0820952,7.6290597,-11.7645889,-1.1459734,0.4459661,2.5362312,-0.2000782
123.2819038,7.8062466,-11.6746874,-1.0560279,0.4608116,2.5204194,-0.1975013
123.4817124,7.9766661,-11.5675731,-0.9631757,0.4644353,2.5047133,-0.1931603
123.6815210,8.1356978,-11.4454985,-0.8687845,0.4730327,2.4892567,-0.1241927
123.8813295,8.2808080,-11.3105110,-0.7736907,0.4879102,2.4792679,-0.1222841
124.0811381,8.4137991,-11.1603151,-0.6756197,0.4919725,2.4693931,-0.1222841
124.2809467,8.5316966,-10.9973266,-0.5774497,0.4763501,2.4594787,-0.0027629
124.4807553,8.6329558,-10.8257087,-0.4957036,0.2669809,2.4592542,1.2640360
124.6805639,8.7241582,-10.6512270,-0.4749610,0.0224558,2.5598949,2.7214340
124.8803725,8.8139218,-10.4757206,-0.4652406,0.1472708,2.7641624,1.7215433
125.0801811,8.8995636,-10.2965428,-0.4226893,0.2642368,2.8859231,0.6322734
125.2799897,8.9764845,-10.1116855,-0.3646304,0.3048832,2.9293718,0.2116469
125.4797983,9.0425941,-9.9206420,-0.3010852,0.3192360,2.9437726,0.0597859
125.6796069,9.0956061,-9.7287420,-0.2380537,0.3164733,2.9478278,0.0756875
125.8794155,9.1365412,-9.5333015,-0.1751456,0.3105175,2.9529535,0.1174423
126.0792241,9.1654441,-9.3339377,-0.1128317,0.3077355,2.9608895,0.1263177
126.2790327,9.1818821,-9.1354580,-0.0527883,0.2969013,2.9694015,0.2052999
126.4788413,9.1865363,-8.9352206,0.0059590,0.2861883,2.9831840,0.2746363
126.6786499,9.1797166,-8.7352633,0.0617851,0.2729375,3.0015223,0.3604048
126.8784585,9.1620486,-8.5361319,0.1144674,0.2524028,3.0254190,0.5061645
127.0782671,9.1343424,-8.3381291,0.1629217,0.2314995,3.0586651,0.6466135
127.2780757,9.0975199,-8.1415027,0.2064049,0.2036582,3.1006177,0.8492743
127.4778843,9.0527335,-7.9466195,0.2444572,0.1759839,3.1548715,1.0487982
127.6776929,9.0012394,-7.7538341,0.2765554,0.1455472,3.2206105,1.2823351
127.8775015,8.9440482,-7.5621003,0.3018250,0.1049702,3.2992083,1.6391459
128.0773101,8.8830529,-7.3722127,0.3183225,0.0622068,3.3970290,2.0507326
128.2771187,8.8194967,-7.1826172,0.3274686,0.0290728,3.5155816,2.3928327
128.4769273,8.7548340,-6.9934797,0.3308160,0.0110285,3.6490453,2.5861263
128.6767359,8.6898987,-6.8049401,0.3323305,0.0041125,3.7880063,2.6532428
128.8765445,8.6245164,-6.6157437,0.3331238,0.0038612,3.9254647,2.6314923
129.0763530,8.5591335,-6.4270172,0.3338720,0.0036022,4.0571989,2.6106075
129.2761616,8.4936478,-6.2384320,0.3345575,0.0032627,4.1837909,2.5918714
129.4759702,8.4279092,-6.0495153,0.3351716,0.0028692,4.3057941,2.5750173
129.6757788,8.3621775,-5.8609667,0.3357028,0.0024389,4.4236731,2.5598495
129.8755874,8.2963311,-5.6723839,0.3361425,0.0019608,4.5378237,2.5466849
130.0753960,8.2303469,-5.4836441,0.3364837,0.0014452,4.6486066,2.5354244
130.2752046,8.1643962,-5.2951744,0.3367188,0.0009047,4.7563371,2.5258679
130.4750132,8.0983735,-5.1066081,0.3368434,0.0003402,4.8612882,2.5180542
130.6748218,8.0323046,-4.9179510,0.3368541,-0.0002346,4.9637063,2.5001336
130.8746304,7.9663077,-4.7294709,0.3367520,-0.0007027,5.0633464,2.4678647
131.0744390,7.9003058,-4.5408954,0.3365971,-0.0008489,5.1598137,2.4435010
131.2742476,7.8343098,-4.3522501,0.3365153,0.0003341,5.2535838,-2.1756261
131.4740562,7.7683409,-4.1637233,0.3367443,0.0020502,5.1701765,-3.4049394
131.6738648,7.7022768,-3.9751757,0.3373576,0.0040922,5.0368693,-3.3333419
131.8736734,7.6360470,-3.7866497,0.3383836,0.0061862,4.9028555,-3.2666489
132.0734820,7.5696023,-3.5982572,0.3398307,0.0083237,4.7678699,-3.2045205
132.2732906,7.5028332,-3.4099443,0.3417134,0.0105196,4.6316305,-3.1460056
132.4730992,7.4356761,-3.2217952,0.3440437,0.0128236,4.4938629,-3.0920344
132.6729078,7.3680339,-3.0338094,0.3468384,0.0151991,4.3542133,-3.0424058
132.8727164,7.2998011,-2.8459756,0.3501231,0.0176635,4.2122887,-2.9240607
133.0725250,7.2309263,-2.6585106,0.3543047,0.0246351,4.0712247,-2.6844724
133.2723336,7.1610924,-2.4713140,0.3603170,0.0404073,3.9372719,-2.3100127
133.4721422,7.0896889,-2.2845988,0.3711001,0.0673810,3.8182442,-1.9087754
133.6719508,7.0158340,-2.0990777,0.3876888,0.0990349,3.7170162,-1.5213895
133.8717594,6.9382913,-1.9149770,0.4106967,0.1319996,3.6343137,-1.1481573
134.0715679,6.8558434,-1.7328156,0.4404565,0.1653027,3.5706320,-0.9784799
134.2713765,6.7676865,-1.5538091,0.4753542,0.1836281,3.5154509,-0.8489047
134.4711851,6.6728431,-1.3778130,0.5137170,0.1990257,3.4668658,-0.7338012
134.6709937,6.5710705,-1.2057255,0.5549042,0.2133175,3.4243129,-0.6488341
134.8708023,6.4621099,-1.0381847,0.5987218,0.2250976,3.3862418,-0.5669097
135.0706109,6.3456722,-0.8756553,0.6449803,0.2365189,3.3526238,-0.4932018
135.2704195,6.2218173,-0.7189766,0.6932167,0.2470570,3.3231002,-0.4437012
135.4702281,6.0900815,-0.5682436,0.7435274,0.2553170,3.2963137,-0.3826105
135.6700367,5.9510705,-0.4247048,0.7955396,0.2643774,3.2730393,-0.3171615
135.8698453,5.8048905,-0.2889013,0.8491234,0.2734851,3.2536200,-0.2497417
136.0696539,5.6507697,-0.1606723,0.9048410,0.2823265,3.2382468,-0.2086138
136.2694625,5.4902082,-0.0417753,0.9621804,0.2883818,3.2253490,-0.2086138
136.4692711,5.3238826,0.0671880,1.0194808,0.2878016,3.2123995,-0.1769134
136.6690797,5.1501319,0.1676568,1.0716763,0.2306953,3.2013767,0.4301222
136.8688883,4.9726076,0.2596815,1.1110638,0.1597088,3.2281105,1.1267514
137.0686969,4.7931906,0.3455994,1.1346392,0.0803961,3.2971149,1.9080159
137.2685055,4.6120825,0.4287943,1.1432738,0.0146720,3.4107833,2.5960227
137.4683141,4.4304848,0.5109041,1.1503713,0.0548116,3.5596148,2.0513946
137.6681227,4.2486238,0.5907883,1.1645103,0.0865986,3.6729593,1.5611968
137.8679313,4.0640839,0.6681062,1.1843199,0.1090613,3.7569285,1.1776086
138.0677399,3.8767015,0.7418560,1.2078637,0.1242359,3.8190449,0.8955247
138.2675485,3.6904372,0.8099546,1.2328166,0.1274345,3.8656139,0.7960908
138.4673571,3.5006782,0.8739183,1.2585434,0.1273448,3.9065461,0.7505394
138.6671657,3.3090273,0.9331192,1.2837464,0.1243727,3.9447473,0.7525795
138.8669743,3.1172148,0.9872153,1.3077900,0.1164956,3.9826844,0.8340887
139.0667828,2.9231095,1.0371025,1.3304228,0.1084966,4.0243125,0.9181196
139.2665914,2.7285827,1.0826303,1.3510065,0.0979070,4.0696422,1.0463399
139.4664000,2.5329104,1.1244043,1.3695377,0.0865918,4.1206945,1.1891496
139.6662086,2.3368147,1.1627285,1.3856624,0.0749982,4.1779573,1.3408419
139.8660172,2.1397423,1.1981938,1.3993858,0.0620647,4.2415977,1.5225998
140.0658258,1.9426100,1.2311457,1.4105851,0.0514277,4.3127263,1.6704785
140.2656344,1.7451369,1.2620557,1.4202788,0.0456232,4.3894373,1.7345976
140.4654430,1.5469990,1.2911794,1.4297056,0.0524766,4.4676991,1.5522763
140.6652516,1.3498319,1.3180475,1.4414413,0.0642136,4.5365903,1.2657284
140.8650602,1.1511288,1.3426106,1.4540868,0.0618720,4.5919994,1.2724825
141.0648688,0.9526534,1.3646576,1.4661809,0.0597600,4.6470382,1.2764315
141.2646774,0.7542769,1.3843016,1.4779615,0.0583441,4.7016006,1.2670178
141.4644860,0.5549292,1.4017062,1.4893621,0.0554989,4.7551414,1.2916580
141.6642946,0.3557790,1.4168709,1.5001199,0.0521941,4.8091100,1.3290903
141.8641032,0.1566361,1.4299505,1.5101821,0.0485757,4.8640175,1.3763242
142.0639118,-0.0429718,1.4411187,1.5194899,0.0444878,4.9202306,1.4375407
142.2637204,-0.2425170,1.4505053,1.5279485,0.0401806,4.9782663,1.5072112
142.4635290,-0.4420879,1.4582890,1.5355308,0.0357282,5.0383968,1.5839575
142.6633376,-0.6418098,1.4646514,1.5422207,0.0312126,5.1008253,1.6661384
142.8631462,-0.8415294,1.4697672,1.5480033,0.0266936,5.1656787,1.7525910
143.0629548,-1.0412834,1.4738181,1.5528859,0.0221954,5.2330299,1.8430320
143.2627634,-1.2410617,1.4769829,1.5568795,0.0177784,5.3029340,1.9361258
143.4625720,-1.4408386,1.4794376,1.5599954,0.0134365,5.3753901,2.0323131
143.6623806,-1.6406484,1.4813562,1.5622507,0.0091518,5.4504097,2.1324002
143.8621892,-1.8404529,1.4829091,1.5636579,0.0049360,5.5280294,2.2363448
144.0619977,-2.0402428,1.4842646,1.5642261,0.0007595,5.6082788,2.3453733
144.2618063,-2.2400576,1.4855900,1.5639622,-0.0034013,5.6912251,0.9882498
144.4616149,-2.4398692,1.4870512,1.5628670,-0.0075589,5.7258156,-3.2614396
144.6614235,-2.6396504,1.4888140,1.5609387,-0.0117490,5.6108500,-3.1236445
144.8612321,-2.8394468,1.4910460,1.5581718,-0.0159638,5.4984884,-2.9955174
145.0610407,-3.0392537,1.4939157,1.5545572,-0.0202079,5.3885355,-2.8760887
145.2608493,-3.2389790,1.4975911,1.5500921,-0.0244968,5.2808125,-2.7662361
145.4606579,-3.4387150,1.5022444,1.5447714,-0.0287820,5.1750889,-2.6661187
145.6604665,-3.6385026,1.5080487,1.5385915,-0.0330368,5.0711062,-2.5775255
145.8602751,-3.8380553,1.5151641,1.5315797,-0.0371673,4.9685103,-2.4989826
146.0600837,-4.0376299,1.5237637,1.5237531,-0.0412046,4.8669763,-2.4313902
146.2598923,-4.2373489,1.5340173,1.5151199,-0.0450849,4.7661130,-2.3885743
146.4597009,-4.4365116,1.5460373,1.5058120,-0.0481504,4.6649027,-2.3060085
146.6595095,-4.6357671,1.5599890,1.4957995,-0.0533547,4.5650626,-2.1864162
146.8593181,-4.8352365,1.5760991,1.4843656,-0.0608018,4.4683406,-1.9132487
147.0591267,-5.0335392,1.5945949,1.4706837,-0.0766507,4.3819516,-1.8044501
147.2589353,-5.2321615,1.6161736,1.4541869,-0.0847463,4.2988848,-1.8029472
147.4587439,-5.4307900,1.6411466,1.4372824,-0.0841819,4.2142523,-1.7282626
147.6585525,-5.6282344,1.6694033,1.4196335,-0.0945579,4.1314984,-1.5626143
147.8583611,-5.8259374,1.7015239,1.3994030,-0.1074600,4.0552227,-1.4018551
148.0581697,-6.0223783,1.7377897,1.3766326,-0.1206630,3.9855521,-1.2635427
148.2579783,-6.2181377,1.7788338,1.3512125,-0.1329593,3.9216951,-1.1228687
148.4577869,-6.4125487,1.8250266,1.3233974,-0.1457741,3.8640620,-1.0414708
148.6575955,-6.6058849,1.8769315,1.2933224,-0.1549869,3.8098274,-0.9635727
148.8574041,-6.7972835,1.9347420,1.2612882,-0.1641771,3.7589526,-0.9139221
149.0572127,-6.9864898,1.9987312,1.2278121,-0.1716083,3.7100547,-0.9116101
149.2570212,-7.1741887,2.0694696,1.1928450,-0.1759010,3.6606299,-0.9110505
149.4568298,-7.3580432,2.1462569,1.1573273,-0.1796072,3.6105594,-0.9141519
149.6566384,-7.5399235,2.2299702,1.1216239,-0.1773887,3.5596107,-0.9978320
149.8564470,-7.7190433,2.3202522,1.0864288,-0.1720549,3.5031526,-1.1216299
150.0562556,-7.8935976,2.4158910,1.0530300,-0.1608207,3.4385833,-1.3125550
150.2560642,-8.0651429,2.5170826,1.0235857,-0.1331563,3.3614485,-1.7124774
150.4558728,-8.2346303,2.6234852,0.9964008,-0.1413462,3.2580670,-1.2483921
150.6556814,-8.4000352,2.7340443,0.9649121,-0.1932036,3.1805851,-0.6272770
150.8554900,-8.5614023,2.8511166,0.9191414,-0.2605618,3.1409315,-0.1962638
151.0552986,-8.7170916,2.9768661,0.8620266,-0.3065284,3.1284214,-0.1962638
151.2551072,-8.8643769,3.1111185,0.8014908,-0.3003895,3.1158610,-0.1110495
151.4549158,-9.0034364,3.2539695,0.7429770,-0.2844139,3.1087317,0.0575628
151.6547244,-9.1345718,3.4049589,0.6879194,-0.2658050,3.1124292,0.2308273
151.8545330,-9.2578038,3.5631233,0.6364606,-0.2478847,3.1272125,0.3797098
152.0543416,-9.3722082,3.7259375,0.5892795,-0.2266510,3.1513801,0.5499297
152.2541502,-9.4795844,3.8944570,0.5460867,-0.2041020,3.1860568,0.7246074
152.4539588,-9.5803543,4.0678643,0.5075257,-0.1805840,3.2311799,0.9052392
152.6537674,-9.6741887,4.2435701,0.4744337,-0.1522307,3.2866811,1.1389398
152.8535760,-9.7629399,4.4226457,0.4468098,-0.1226695,3.3552068,1.3933087
153.0533846,-9.8475044,4.6043620,0.4253246,-0.0921857,3.4371795,1.6739836
153.2531932,-9.9282682,4.7865318,0.4104403,-0.0574807,3.5331509,2.0321287
153.4530018,-10.0072171,4.9702925,0.4021317,-0.0277268,3.6462623,2.3647509
153.6528104,-10.0851306,5.1544909,0.3989921,-0.0038587,3.7736222,2.6594848
153.8526190,-10.1628184,5.3385365,0.4006917,0.0211460,3.9119049,2.3695240
154.0524276,-10.2413916,5.5225058,0.4074404,0.0461843,4.0311168,1.7773143
154.2522361,-10.3215876,5.7055801,0.4191300,0.0709293,4.1182700,-1.7968826
154.4520447,-10.4044623,5.8877020,0.4357286,0.0941276,4.0301467,-1.4761903
154.6518533,-10.4904702,6.0676458,0.4567833,0.1174080,3.9562826,-1.2499895
154.8516619,-10.5811298,6.2465035,0.4820959,0.1355455,3.8926411,-1.0484415
155.0514705,-10.6763441,6.4223319,0.5111008,0.1525091,3.8384475,-0.8861907
155.2512791,-10.7765241,6.5945951,0.5428694,0.1670546,3.7920367,-0.8303141
155.4510877,-10.8832450,6.7648336,0.5772607,0.1745044,3.7480307,-0.8244184
155.6508963,-10.9951968,6.9302571,0.6128179,0.1786434,3.7038200,-0.8183651
155.8507049,-11.1122327,7.0906232,0.6479892,0.1758358,3.6594057,-0.8987364
156.0505135,-11.2364029,7.2488795,0.6821385,0.1626251,3.6099999,-1.1213998
156.2503221,-11.3648074,7.4020150,0.7126911,0.1406160,3.5473890,-1.4709993
156.4501307,-11.4966231,7.5505976,0.7380640,0.1270150,3.4635433,-1.5135471
156.6499393,-11.6325133,7.6961094,0.7648512,0.1505437,3.3750989,-0.3883504
156.8497479,-11.7734163,7.8375319,0.8056666,0.2524873,3.3520294,-0.2235316
157.0495565,-11.9203345,7.9713923,0.8584180,0.2691362,3.3386785,-0.2235316
157.2493651,-12.0749161,8.0977842,0.9123306,0.2684125,3.3252740,-0.1896977
157.4491737,-12.2369320,8.2163260,0.9657770,0.2629589,3.3138559,-0.1079401
157.6489823,-12.4039401,8.3255330,1.0173037,0.2543848,3.3073412,-0.0019447
157.8487909,-12.5762342,8.4261132,1.0670986,0.2436434,3.3072237,0.1157555
158.0485995,-12.7541413,8.5186390,1.1150133,0.2330589,3.3142098,0.2198168
158.2484081,-12.9354379,8.6024482,1.1600801,0.2190205,3.3274358,0.3530142
158.4482167,-13.1202960,8.6782836,1.2023296,0.2022938,3.3485668,0.5068421
158.6480253,-13.3084599,8.7467092,1.2411486,0.1850978,3.3786747,0.6581077
158.8478339,-13.4985473,8.8079983,1.2759227,0.1635305,3.4173723,0.8560268
159.0476425,-13.6908084,8.8631215,1.3064454,0.1401791,3.4670617,1.0739211
159.2474510,-13.8842912,8.9127719,1.3319272,0.1151688,3.5284096,1.3165264
159.4472596,-14.0792263,8.9580386,1.3525005,0.0904571,3.6021911,1.5660390
159.6470682,-14.2746019,8.9997002,1.3680267,0.0636788,3.6880343,1.8611080
159.8468768,-14.4703703,9.0388618,1.3776625,0.0326130,3.7875226,2.2444828
160.0466854,-14.6666729,9.0767175,1.3825325,0.0189732,3.9041339,2.4051453
160.2464940,-14.8628986,9.1137858,1.3853731,0.0116362,4.0253446,2.4865197
160.4463026,-15.0593087,9.1503915,1.3877003,0.0116615,4.1469332,2.4545961
160.6461112,-15.2559053,9.1865601,1.3899965,0.0111884,4.2635612,2.4320871
160.8459198,-15.4523908,9.2222544,1.3921664,0.0105689,4.3760550,2.4135857
161.0457284,-15.6490727,9.2575552,1.3942279,0.0100623,4.4849044,2.3942399
161.2455370,-15.8458594,9.2924667,1.3961841,0.0094985,4.5903319,2.3773059
161.4453456,-16.0425704,9.3269799,1.3980217,0.0089021,4.6926708,2.3623650
161.6451542,-16.2394602,9.3611637,1.3997404,0.0082968,4.7922021,2.3489296
161.8449628,-16.4364124,9.3950220,1.4013363,0.0076702,4.8891588,2.3372970
162.0447714,-16.6333095,9.4285604,1.4028043,0.0070263,4.9837634,2.3273950
162.2445800,-16.8303508,9.4618389,1.4041427,0.0063668,5.0762156,2.3192028
162.4443886,-17.0274343,9.4948667,1.4053479,0.0056926,5.1666970,2.3127150
162.6441972,-17.2244760,9.5276571,1.4064166,0.0050059,5.2553743,2.3078860
162.8440058,-17.4216203,9.5602621,1.4073472,0.0043067,5.3423993,2.3047316
163.0438144,-17.6187958,9.5926980,1.4081370,0.0035966,5.4279131,2.3032166
163.2436230,-17.8159385,9.6249830,1.4087839,0.0028776,5.5120455,2.3032945
163.4434316,-18.0131430,9.6571618,1.4092862,0.0021496,5.5949157,2.3049755
163.6432402,-18.2103682,9.6892571,1.4096424,0.0014140,5.6766354,2.3082264
163.8430488,-18.4075667,9.7212908,1.4098510,0.0006728,5.7573081,2.3129957
164.0428574,-18.6047923,9.7533017,1.4099108,-0.0000741,5.8370291,2.3142339
164.2426660,-18.8020231,9.7853165,1.4098210,-0.0008257,5.9157178,2.2693187
164.4424745,-18.9992313,9.8173610,1.4095807,-0.0015800,5.9918758,2.2233031
164.6422831,-19.1964404,9.8494696,1.4091895,-0.0023367,6.0655623,2.1762416
164.8420917,-19.3936307,9.8816696,1.4086468,-0.0030955,6.1368322,2.1281921
165.0419003,-19.5908015,9.9139916,1.4079526,-0.0038538,6.2057370,2.0793030
165.2417089,-19.7879566,9.9464670,1.4071069,-0.0046105,6.2723278,2.0296669
165.4415175,-19.9850584,9.9791202,1.4061099,-0.0053706,6.3366542,1.9791430
165.6413261,-20.1821436,10.0119879,1.4049613,-0.0061207,6.3987566,1.9283218
165.8411347,-20.3792057,10.0450994,1.4036649,-0.0068537,6.4586900,1.8775774
166.0409433,-20.5761690,10.0784721,1.4022167,-0.0076524,6.5165166,1.8234711
166.2407519,-20.7731245,10.1121530,1.4006214,-0.0081029,6.5721898,1.7838243
166.4405605,-20.9700505,10.1461557,1.3990106,-0.0080188,6.6262000,1.7674434
166.6403691,-21.1668530,10.1804613,1.3974279,-0.0078159,6.6792834,1.7566671
166.8401777,-21.3636484,10.2150824,1.3958868,-0.0076172,6.7316284,1.7461079
167.0399863,-21.5604146,10.2500072,1.3943823,-0.0074398,6.7832585,1.7349646
167.2397949,-21.7570592,10.2852120,1.3929146,-0.0072542,6.8341728,1.7245678
167.4396035,-21.9536966,10.3207098,1.3914835,-0.0070703,6.8844088,1.7144647
167.6394121,-22.1503085,10.3564898,1.3900887,-0.0068889,6.9339897,1.7046042
167.8392207,-22.3468045,10.3925283,1.3887306,-0.0067076,6.9829366,1.6950932
168.0390293,-22.5432926,10.4288376,1.3874084,-0.0065274,7.0312724,1.6858743
168.2388379,-22.7397568,10.4654075,1.3861219,-0.0063483,7.0790180,1.6769406
168.4386465,-22.9361137,10.5022152,1.3848715,-0.0061699,7.1261932,1.6683086
168.6384551,-23.1324617,10.5392718,1.3836564,-0.0059925,7.1728178,1.6599529
168.8382637,-23.3287856,10.5765675,1.3824765,-0.0058160,7.2189099,1.6518705
169.0380723,-23.5250133,10.6140811,1.3813321,-0.0056402,7.2644873,1.6440714
169.2378809,-23.7212309,10.6518221,1.3802226,-0.0054654,7.3095674,1.6365343
169.4376894,-23.9174230,10.6897804,1.3791479,-0.0052913,7.3541664,1.6292574
169.6374980,-24.1135315,10.7279377,1.3781081,-0.0051179,7.3983000,1.6222504
169.8373066,-24.3096284,10.7663009,1.3771027,-0.0049452,7.4419837,1.6154938
170.0371152,-24.5056984,10.8048600,1.3761317,-0.0047733,7.4852322,1.6089871
170.2369238,-24.7016980,10.8435995,1.3751952,-0.0046019,7.5280595,1.6027397
170.4367324,-24.8976843,10.8825236,1.3742927,-0.0044311,7.5704796,1.5967338
170.6365410,-25.0936422,10.9216225,1.3734243,-0.0042610,7.6125058,1.5909702
170.8363496,-25.2895435,10.9608836,1.3725900,-0.0040912,7.6541507,1.5854580
171.0361582,-25.4854293,11.0003081,1.3717894,-0.0039220,7.6954272,1.5801810
171.2359668,-25.6812864,11.0398866,1.3710226,-0.0037533,7.7363471,1.5751413
171.4357754,-25.8770999,11.0796091,1.3702895,-0.0035848,7.7769223,1.5703476
171.6355840,-26.0728958,11.1194741,1.3695900,-0.0034167,7.8171643,1.5657851
171.8353926,-26.2686636,11.1594726,1.3689241,-0.0032489,7.8570842,1.5614576
172.0352012,-26.4644001,11.1995971,1.3682917,-0.0030812,7.8966929,1.5573729
172.2350098,-26.6601168,11.2398430,1.3676928,-0.0029138,7.9360010,1.5535178
172.4348184,-26.8558075,11.2802025,1.3671273,-0.0027465,7.9750187,0.9986468
172.6346270,-27.0514780,11.3206697,1.3665952,-0.0025793,8.0000000,0.0000000
172.8344356,-27.2471263,11.3612374,1.3660965,-0.0024121,8.0000000,0.0000000
173.0342442,-27.4427526,11.4018990,1.3656313,-0.0022449,8.0000000,0.0000000
173.2340528,-27.6383681,11.4426499,1.3651994,-0.0020775,8.0000000,0.0000000
173.4338614,-27.8339593,11.4834804,1.3648011,-0.0019100,8.0000000,0.0000000
173.6336700,-28.0295339,11.5243853,1.3644362,-0.0017424,8.0000000,0.0000000
173.8334786,-28.2251061,11.5653608,1.3641048,-0.0015744,8.0000000,0.0000000
174.0332872,-28.4206517,11.6063950,1.3638070,-0.0014062,8.0000000,0.0000000
174.2330958,-28.6161875,11.6474845,1.3635429,-0.0012376,8.0000000,0.0000000
174.4329043,-28.8117281,11.6886254,1.3633125,-0.0010685,8.0000000,0.0000000
174.6327129,-29.0072400,11.7298039,1.3631159,-0.0008990,8.0000000,0.0000000
174.8325215,-29.2027499,11.7710187,1.3629533,-0.0007289,8.0000000,0.0000000
175.0323301,-29.3982711,11.8122656,1.3628247,-0.0005581,8.0000000,0.0000000
175.2321387,-29.5937615,11.8535287,1.3627303,-0.0003867,8.0000000,0.0000000
175.4319473,-29.7892585,11.8948091,1.3626702,-0.0002146,8.0000000,0.0000000
175.6317559,-29.9847726,11.9361018,1.3626446,-0.0000416,8.0000000,0.0000000
175.8315645,-30.1802544,11.9773893,1.3626536,0.0001322,8.0000000,0.0000000
176.0313731,-30.3757511,12.0186746,1.3626975,0.0003069,8.0000000,0.0000000
176.2311817,-30.5712711,12.0599523,1.3627764,0.0004827,8.0000000,0.0000000
176.4309903,-30.7667574,12.1012032,1.3628904,0.0006595,8.0000000,0.0000000
176.6307989,-30.9622660,12.1424319,1.3630400,0.0008374,8.0000000,0.0000000
176.8306075,-31.1578053,12.1836329,1.3632252,0.0010166,8.0000000,0.0000000
177.0304161,-31.3533099,12.2247851,1.3634463,0.0011969,8.0000000,0.0000000
177.2302247,-31.5488422,12.2658943,1.3637036,0.0013787,8.0000000,0.0000000
177.4300333,-31.7444147,12.3069557,1.3639973,0.0015618,8.0000000,0.0000000
177.6298419,-31.9399519,12.3479460,1.3643278,0.0017464,8.0000000,0.0000000
177.8296505,-32.1355191,12.3888713,1.3646953,0.0019327,8.0000000,0.0000000
178.0294591,-32.3311391,12.4297288,1.3651002,0.0021199,8.0000000,0.0000000
178.2292677,-32.5267237,12.4704925,1.3655426,0.0023096,8.0000000,0.0000000
178.4290763,-32.7223363,12.5111678,1.3660234,0.0025037,8.0000000,0.0000000
178.6288849,-32.9180186,12.5517555,1.3665424,0.0026884,8.0000000,0.0000000
178.8286935,-33.1136664,12.5922265,1.3670984,0.0028889,8.0000000,0.0000000
179.0285021,-33.3093339,12.6325836,1.3676992,0.0031258,8.0000000,0.0000000
179.2283107,-33.5050894,12.6728324,1.3683324,0.0031833,8.0000000,0.0000000
179.4281193,-33.7008051,12.7129433,1.3689655,0.0030648,8.0000000,0.0000000
179.6279278,-33.8965402,12.7529340,1.3695416,0.0027011,8.0000000,0.0000000
179.8277364,-34.0923493,12.7928295,1.3700499,0.0023927,8.0000000,0.0000000
180.0275450,-34.2881385,12.8326234,1.3704973,0.0020796,8.0000000,0.0000000
180.2273536,-34.4839419,12.8723356,1.3708801,0.0017523,8.0000000,-2.4578126
180.4271622,-34.6797821,12.9119838,1.3711976,0.0014261,7.9383761,-4.1630299
180.6269708,-34.8756168,12.9515728,1.3714498,0.0010975,7.8328920,-4.1513325
180.8267794,-35.0714765,12.9911222,1.3716361,0.0007666,7.7262704,-4.1386910
181.0265880,-35.2673195,13.0306370,1.3717561,0.0004349,7.6184881,-4.1250668
181.2263966,-35.4631702,13.0701356,1.3718098,0.0001030,7.5095216,-4.0856259
181.4262052,-35.6590604,13.1096380,1.3717973,-0.0002284,7.4000154,-4.0360927
181.6260138,-35.8548917,13.1491379,1.3717186,-0.0005587,7.2902219,-3.9880915
181.8258224,-36.0507292,13.1886617,1.3715742,-0.0008872,7.1800854,-3.9416132
182.0256310,-36.2466215,13.2282327,1.3713642,-0.0012131,7.0695466,-3.8966452
182.2254396,-36.4424280,13.2678358,1.3710896,-0.0015359,6.9585432,-3.8531778
182.4252482,-36.6382246,13.3074994,1.3707508,-0.0018549,6.8470086,-3.8111900
182.6250568,-36.8340932,13.3472531,1.3703486,-0.0021695,6.7348727,-3.7706651
182.8248654,-37.0298570,13.3870740,1.3698842,-0.0024791,6.6220606,-3.7315801
183.0246740,-37.2255878,13.4269890,1.3693585,-0.0027831,6.5084932,-3.6939008
183.2244826,-37.4214104,13.4670362,1.3687723,-0.0030812,6.3940861,-3.6576039
183.4242912,-37.6171074,13.5071833,1.3681275,-0.0033726,6.2787495,-3.6226677
183.6240998,-37.8127515,13.5474568,1.3674254,-0.0036567,6.1623872,-3.5890337
183.8239084,-38.0085111,13.5879032,1.3666666,-0.0039336,6.0448967,-3.5566440
184.0237170,-38.2041086,13.6284764,1.3658538,-0.0042035,5.9261691,-3.5256123
184.2235256,-38.3996508,13.6692094,1.3649881,-0.0044616,5.8060817,-3.4957249
184.4233342,-38.5953370,13.7101545,1.3640712,-0.0047124,5.6845082,-3.4665049
184.6231427,-38.7907938,13.7512437,1.3631041,-0.0049701,5.5613270,-3.4666206
184.8229513,-38.9862258,13.7925260,1.3621875,-0.0036093,5.4353507,-3.4862513
185.0227599,-39.1818520,13.8339959,1.3617033,-0.0003940,5.3056452,-3.2252998
185.2225685,-39.3771870,13.8753706,1.3628333,0.0116659,5.1827585,-2.8550751
185.4223771,-39.5727152,13.9163066,1.3664688,0.0256882,5.0714937,-2.4784436
185.6221857,-39.7687192,13.9562914,1.3731616,0.0411438,4.9728885,-2.2408507
185.8219943,-39.9645518,13.9945978,1.3824516,0.0519048,4.8820218,-2.0460801
186.0218029,-40.1610996,14.0309347,1.3938391,0.0614985,4.7975503,-1.8899789
186.2216115,-40.3581282,14.0648635,1.4069744,0.0699169,4.7181798,-1.7387680
186.4214201,-40.5554325,14.0960072,1.4217968,0.0785349,4.6439616,-1.5966037
186.6212287,-40.7533645,14.1240732,1.4383705,0.0871107,4.5747512,-1.4706010
186.8210373,-40.9516593,14.1486787,1.4565835,0.0952427,4.5100633,-1.3597317
187.0208459,-41.1504502,14.1695137,1.4764061,0.1029066,4.4494156,-1.2547569
187.2206545,-41.3495317,14.1862472,1.4977306,0.1104999,4.3927072,-1.1713443
187.4204631,-41.5490607,14.1985945,1.5204783,0.1171788,4.3390998,-1.0976641
187.6202717,-41.7488052,14.2062638,1.5445709,0.1235023,4.2882563,-1.0299721
187.8200803,-41.9483973,14.2089986,1.5698230,0.1296362,4.2399938,-0.9870886
188.0198889,-42.1485097,14.2065647,1.5962540,0.1345334,4.1932195,-0.9484841
188.2196975,-42.3481579,14.1987595,1.6236513,0.1392995,4.1477776,-0.9201783
188.4195061,-42.5473377,14.1854157,1.6518710,0.1435852,4.1032109,-0.9117666
188.6193147,-42.7466409,14.1663103,1.6809603,0.1468283,4.0585690,-0.9075778
188.8191233,-42.9447645,14.1414267,1.7106269,0.1499426,4.0136391,-0.9071411
189.0189319,-43.1419971,14.1106345,1.7407902,0.1524261,3.9682225,-0.9142031
189.2187405,-43.3388744,14.0737246,1.7714991,0.1539954,3.9219202,-0.9380733
189.4185491,-43.5338980,14.0309042,1.8024134,0.1553323,3.8738338,-0.9675578
189.6183576,-43.7271310,13.9821570,1.8334343,0.1560754,3.8236024,-1.0081904
189.8181662,-43.9198811,13.9270886,1.8647258,0.1560405,3.7705497,-1.0632637
190.0179748,-44.1102343,13.8662138,1.8959051,0.1559366,3.7137780,-1.1222035
190.2177834,-44.2981083,13.7996215,1.9269439,0.1557049,3.6529023,-1.1865181
190.4175920,-44.4841674,13.7270875,1.9581035,0.1561055,3.5874144,-1.2470668
190.6174006,-44.6681915,13.6486327,1.9895830,0.1587666,3.5172706,-1.2828597
190.8172092,-44.8492342,13.5645658,2.0216097,0.1631924,3.4436231,-1.2863820
191.0170178,-45.0273220,13.4747171,2.0547186,0.1711065,3.3681567,-1.2076022
191.2168264,-45.2024679,13.3786933,2.0903179,0.1850704,3.2957398,-0.9874111
191.4166350,-45.3737263,13.2762777,2.1301039,0.2123271,3.2353229,-0.7363368
191.6164436,-45.5402616,13.1668408,2.1752979,0.2425689,3.1895237,-0.5926414
191.8162522,-45.7014850,13.0493989,2.2260817,0.2623343,3.1521789,-0.5872104
192.0160608,-45.8571038,12.9230958,2.2792292,0.2687544,3.1147347,-0.4262281
192.2158694,-46.0048069,12.7893208,2.3349855,0.2900887,3.0872713,-0.3381976
192.4156780,-46.1446388,12.6471660,2.3942872,0.3033416,3.0653050,-0.2568154
192.6154866,-46.2763267,12.4959344,2.4564728,0.3152269,3.0485188,-0.2083610
192.8152952,-46.3978108,12.3372496,2.5201961,0.3231564,3.0348315,-0.1954916
193.0151038,-46.5086725,12.1712909,2.5852248,0.3271586,3.0219332,-0.1816741
193.2149124,-46.6087833,11.9978261,2.6512714,0.3311448,3.0098971,-0.1816741
193.4147210,-46.6969580,11.8186375,2.7173383,0.3312565,2.9978126,-0.1571804
193.6145296,-46.7731762,11.6338320,2.7832496,0.3247966,2.9873179,-0.0774654
193.8143382,-46.8372423,11.4444184,2.8473657,0.3147926,2.9821321,0.0221767
194.0141468,-46.8894403,11.2514193,2.9061991,0.2744505,2.9836176,0.3783334
194.2139554,-46.9310153,11.0556564,2.9568252,0.2254331,3.0088474,0.7775702
194.4137640,-46.9636281,10.8589440,2.9957732,0.1653097,3.0600479,1.2642792
194.6135725,-46.9901774,10.6600665,3.0181338,0.0526735,3.1415157,-1.7747788
194.8133811,-47.0145611,10.4617330,3.0161802,-0.0737506,3.0265308,-1.3149517
195.0131897,-47.0418045,10.2645234,2.9877642,-0.2152084,2.9384369,-0.2364694
195.2129983,-47.0774879,10.0682742,2.9314318,-0.3436552,2.9223131,-0.1698935
195.4128069,-47.1258871,9.8761618,2.8577873,-0.3541067,2.9106737,-0.1698935
195.6126155,-47.1885683,9.6847853,2.7953191,-0.2663388,2.8989876,0.5931226
195.8124241,-47.2607541,9.4994205,2.7461757,-0.2345731,2.9395835,0.7997333
196.0122327,-47.3430101,9.3146719,2.6994644,-0.2272380,2.9934493,0.7840856
196.2120413,-47.4323188,9.1366148,2.6534661,-0.2408717,3.0453362,0.0642442
196.4118499,-47.5324871,8.9587714,2.6039171,-0.2430409,3.0495484,-0.7942752
196.6116585,-47.6388122,8.7897538,2.5604314,-0.1007033,2.9970552,-0.1786951
196.8114671,-47.7442405,8.6270166,2.5891191,0.3366652,2.9851181,-0.1786951
197.0112757,-47.8419155,8.4565017,2.6485525,0.1591795,2.9731331,1.4156661
197.2110843,-47.9371713,8.2780126,2.6439298,-0.1518159,3.0667972,1.3835266
197.4108929,-48.0336255,8.1064622,2.6165086,-0.1168748,3.1556498,1.6364506
197.6107015,-48.1375318,7.9315504,2.5956941,-0.0820711,3.2576187,1.9162459
197.8105101,-48.2426919,7.7610223,2.5837492,-0.0388685,3.3731060,2.3295949
198.0103187,-48.3503372,7.5894778,2.5800923,0.0040772,3.5083886,2.7029806
198.2101273,-48.4555865,7.4214089,2.5858304,0.0494939,3.6590912,2.0688343
198.4099359,-48.5617525,7.2491219,2.5911487,-0.0008429,3.7703700,2.7029434
198.6097445,-48.6658300,7.0799532,2.5904024,0.0368293,3.9109887,2.1299308
198.8095531,-48.7679277,6.9110019,2.6091971,0.1359378,4.0183317,0.4812099
199.0093617,-48.8668916,6.7373759,2.6385292,0.1554656,4.0421887,0.1321429
199.2091703,-48.9598679,6.5618526,2.6708358,0.1684344,4.0487153,-0.1195602
199.4089789,-49.0472347,6.3827046,2.7051461,0.1769470,4.0428106,-0.3300067
199.6087875,-49.1289197,6.1989715,2.7416348,0.1847414,4.0264676,-0.3225311
199.8085960,-49.2030192,6.0142749,2.7785368,0.1865260,4.0104304,-0.3225311
200.0084046,-49.2704998,5.8261333,2.8157933,0.1841911,3.9943289,-0.2586530
200.2082132,-49.3313054,5.6345974,2.8525222,0.1816688,3.9813692,-0.1975599
200.4080218,-49.3847107,5.4425804,2.8878562,0.1737441,3.9714421,-0.0566434
200.6078304,-49.4316453,5.2478390,2.9221107,0.1668891,3.9685913,0.0557070
200.8076390,-49.4719589,5.0520674,2.9546618,0.1594783,3.9713950,0.1684294
201.0074476,-49.5060918,4.8546524,2.9858177,0.1512066,3.9798600,0.2873620
201.2072562,-49.5341404,4.6569210,3.0153241,0.1444372,3.9942609,0.3756965
201.4070648,-49.5565173,4.4579946,3.0436437,0.1389596,4.0130108,0.4392121
201.6068734,-49.5733445,4.2584560,3.0712240,0.1370577,4.0348199,0.4422656
201.8066820,-49.5846292,4.0600220,3.0982417,0.1314354,4.0566623,0.5070222
202.0064906,-49.5909333,3.8599581,3.1205678,0.0902385,4.0815590,1.1626332
202.2062992,-49.5936205,3.6603375,3.1343990,0.0506268,4.1380831,1.7896892
202.4061078,-49.5942922,3.4608404,3.1408650,0.0169683,4.2236149,2.3395720
202.6059164,-49.5942103,3.2610034,-3.1406091,0.0000437,4.3328808,2.6226977
202.8057250,-49.5940921,3.0612517,3.1415917,-0.0072369,4.4521827,2.4590513
203.0055336,-49.5942605,2.8615690,3.1397962,-0.0104534,4.5612071,2.3653171
203.2053422,-49.5948428,2.6617625,3.1374870,-0.0126420,4.6636714,2.2888781
203.4051508,-49.5959306,2.4621223,3.1347169,-0.0151402,4.7607254,2.2023521
203.6049594,-49.5976222,2.2624028,3.1314456,-0.0176546,4.8522782,2.1121793
203.8047680,-49.6000224,2.0623469,3.1276633,-0.0201163,4.9384884,2.0203138
204.0045766,-49.6032150,1.8629656,3.1234254,-0.0223446,5.0195637,1.9317385
204.2043852,-49.6073009,1.6633348,3.1187695,-0.0241921,5.0958783,1.8510313
204.4041938,-49.6123664,1.4631383,3.1137727,-0.0256418,5.1679473,1.7795842
204.6040024,-49.6184233,1.2639659,3.1085859,-0.0263761,5.2362994,1.7269562
204.8038109,-49.6255368,1.0644599,3.1033658,-0.0250455,5.3017877,-15.0583717
205.0036195,-49.6336880,0.8640053,3.0986348,-0.0221326,4.7001456,-2.9538213
