-0.812038, 0.131646, 1
-0.860068, 0.0357224, 1
-0.715416, 0.0114372, 1
-0.607718, -0.0380847, 1
-0.51438, -0.115719, 1
-0.411359, -0.151333, 1
-0.263964, -0.174375, 1
-0.150263, -0.162293, 1
-0.0556234, -0.333477, 1
0.0677012, -0.268908, 1
0.224793, -0.241838, 1
0.353454, -0.211585, 1
0.509336, -0.189036, 1
0.669413, -0.135805, 1
0.855901, -0.0528273, 1
1.02256, -0.0128516, 1
1.19012, -0.0138234, 1
1.33564, 0.0348424, 1
1.50658, 0.101528, 1
1.68704, 0.164532, 1
1.8598, 0.209656, 1
2.04499, 0.267029, 1
2.19742, 0.365845, 1
2.39285, 0.465966, 1
2.53669, 0.484948, 1
2.66506, 0.535621, 1
2.83403, 0.570734, 1
3.00518, 0.545144, 1
3.12219, 0.52299, 1
3.29942, 0.487136, 1
3.51635, 0.451393, 1
3.68593, 0.449721, 1
3.8548, 0.452774, 1
4.03051, 0.425529, 1
4.13183, 0.412354, 1
4.24341, 0.372924, 1
4.3903, 0.345017, 1
4.54038, 0.323924, 1
4.64139, 0.304434, 1
4.79323, 0.308237, 1
4.96448, 0.315601, 1
4.51884, -0.00188246, 1
4.55922, 0.119272, 1
4.78417, 0.320119, 1
5.00516, 0.379528, 1
5.12885, 0.432611, 1
5.28478, 0.484217, 1
5.41119, 0.454158, 1
5.52418, 0.491752, 1
5.62106, 0.595667, 1
5.71809, 0.654979, 1
5.75694, 0.747262, 1
5.7047, 0.855685, 1
5.90992, 0.851223, 1
6.02964, 0.93237, 1
5.94388, 0.987199, 1
5.97757, 1.14409, 1
7.49576, 1.63394, 1
6.15599, 1.20243, 1
4.71197, 1.64615, 1
5.74509, 1.1821, 1
6.07436, 1.34206, 1
6.06113, 1.47389, 1
5.99086, 1.5663, 1
6.01775, 1.69407, 1
5.92254, 1.79281, 1
5.81315, 1.88152, 1
5.74981, 1.99123, 1
5.65909, 2.11278, 1
5.55546, 2.14179, 1
5.45789, 2.19219, 1
5.358, 2.23328, 1
5.26031, 2.28066, 1
5.16577, 2.32104, 1
5.05306, 2.36477, 1
4.94768, 2.39045, 1
4.8303, 2.39276, 1
4.7178, 2.39916, 1
4.60448, 2.40923, 1
4.42733, 2.38836, 1
4.3149, 2.35616, 1
4.18207, 2.28442, 1
4.03391, 2.23209, 1
3.87737, 2.14254, 1
3.76989, 2.13111, 1
3.58628, 2.07518, 1
3.47827, 1.97718, 1
3.31071, 1.97665, 1
3.14071, 1.94867, 1
2.96494, 1.94977, 1
2.82027, 1.91307, 1
2.64342, 1.87917, 1
2.47313, 1.8369, 1
2.3678, 1.83171, 1
2.21139, 1.7497, 1
2.05258, 1.68925, 1
1.95198, 1.6959, 1
1.82362, 1.66533, 1
1.68465, 1.61127, 1
1.53526, 1.59025, 1
1.41324, 1.56043, 1
1.30529, 1.52151, 1
1.16962, 1.49279, 1
1.06641, 1.46508, 1
0.882537, 1.46778, 1
0.713165, 1.49088, 1
0.612725, 1.52403, 1
0.454902, 1.56907, 1
0.293099, 1.59173, 1
0.15509, 1.60383, 1
0.0572238, 1.65457, 1
-0.0724924, 1.57659, 1
-0.225904, 1.53382, 1
-0.327221, 1.50799, 1
-0.421915, 1.45186, 1
-0.516875, 1.41454, 1
-0.617847, 1.34725, 1
-0.699359, 1.27288, 1
-0.778351, 1.20044, 1
-0.871577, 1.10135, 1
-1.04371, 1.14177, 1
-1.11825, 1.03206, 1
-1.06896, 0.894093, 1
-1.11709, 0.76873, 1
-1.11654, 0.643172, 1
-1.10414, 0.534217, 1
-1.01771, 0.454612, 1
-0.940445, 0.367175, 1
-0.883746, 0.251923, 1
-0.823818, 0.166044, 1
-0.777976, 0.0479726, 1
-0.769756, -0.0622974, 1
-0.779511, -0.176419, 1
-0.688931, -0.282825, 1
-0.57057, -0.335286, 1
-0.445415, -0.340292, 1
-0.316904, -0.381442, 1
-0.20415, -0.380461, 1
-0.0968412, -0.321506, 1
0.0351124, -0.254215, 1
0.194029, -0.225357, 1
0.323242, -0.185196, 1
0.483304, -0.0875537, 1
0.561704, 0.0323635, 1
0.688751, 0.0675969, 1
0.842779, 0.109402, 1
0.953026, 0.116534, 1
1.05839, 0.134002, 1
1.23937, 0.192221, 1
1.42538, 0.233671, 1
1.59419, 0.26743, 1
1.72215, 0.270898, 1
1.90204, 0.319853, 1
2.06544, 0.335026, 1
2.21896, 0.369448, 1
2.41043, 0.407378, 1
2.51038, 0.443105, 1
2.73236, 0.452078, 1
2.8416, 0.431602, 1
3.03761, 0.408893, 1
3.16376, 0.36847, 1
3.33566, 0.349988, 1
3.52511, 0.312033, 1
3.6794, 0.309922, 1
3.872, 0.271387, 1
4.05878, 0.263737, 1
4.25241, 0.245571, 1
4.41462, 0.230023, 1
4.59045, 0.203946, 1
4.76689, 0.17527, 1
4.94523, 0.211962, 1
5.08287, 0.224882, 1
5.23811, 0.252319, 1
5.35568, 0.267846, 1
5.45645, 0.343962, 1
5.52652, 0.434299, 1
5.63276, 0.503764, 1
5.70759, 0.572418, 1
5.80242, 0.678026, 1
5.8833, 0.746511, 1
5.91847, 0.862668, 1
5.95029, 0.987891, 1
5.96481, 1.1063, 1
6.00808, 1.22997, 1
6.07059, 1.46438, 1
5.96818, 1.35332, 1
6.05976, 1.42484, 1
6.12153, 1.56956, 1
6.04789, 1.65337, 1
5.57233, 1.67714, 1
5.86672, 1.8327, 1
5.94461, 1.73325, 1
5.93302, 1.84975, 1
5.84282, 1.9348, 1
5.73445, 2.02057, 1
5.64909, 2.08067, 1
5.54343, 2.11779, 1
5.43326, 2.15874, 1
5.30193, 2.21518, 1
5.18266, 2.21179, 1
5.09863, 2.14455, 1
4.9853, 2.07616, 1
4.84528, 2.06348, 1
4.71211, 2.00822, 1
4.61001, 1.97641, 1
4.52112, 1.92969, 1
4.40218, 1.88315, 1
4.27164, 1.86741, 1
4.15995, 1.85761, 1
4.05033, 1.84805, 1
3.94947, 1.81644, 1
3.82125, 1.79543, 1
3.71084, 1.83934, 1
3.56198, 1.94143, 1
3.42334, 1.97663, 1
3.29892, 2.01001, 1
3.1977, 2.05215, 1
3.09764, 2.13681, 1
3.00304, 2.20565, 1
2.9415, 2.30581, 1
2.83366, 2.2793, 1
2.71966, 2.24404, 1
2.58811, 2.19355, 1
2.48194, 2.11512, 1
2.29585, 2.05128, 1
2.21096, 1.99476, 1
2.1077, 1.94198, 1
1.96715, 1.81976, 1
1.82357, 1.70922, 1
1.71209, 1.64407, 1
1.81, 1.46493, 1
1.65973, 1.67754, 1
1.59662, 1.54242, 1
1.48955, 1.47264, 1
1.38118, 1.37442, 1
1.24087, 1.32605, 1
1.09821, 1.32253, 1
0.960171, 1.28474, 1
0.857188, 1.27729, 1
0.577515, 1.10853, 1
0.681812, 1.25737, 1
0.584583, 1.37372, 1
0.49283, 1.42539, 1
0.377066, 1.50603, 1
0.375381, 1.85108, 1
0.434432, 1.73193, 1
0.301296, 1.76117, 1
0.179432, 1.79556, 1
0.0776566, 1.82821, 1
0.143439, 2.13946, 1
0.155265, 1.83887, 1
0.0588988, 1.80503, 1
-0.103761, 1.79861, 1
-0.207702, 1.74356, 1
-0.345506, 1.68554, 1
-0.459757, 1.6554, 1
-0.54748, 1.56569, 1
-0.654672, 1.45679, 1
-0.736289, 1.3519, 1
-0.974078, 1.26335, 1
-0.84651, 1.22344, 1
-0.847375, 1.11485, 1
-0.804055, 1.02361, 1
-0.743626, 0.935798, 1
-0.707428, 0.804427, 1
-0.749253, 0.708139, 1
-0.726904, 0.601045, 1
-0.671375, 0.517408, 1
-0.566952, 0.434471, 1
-0.593543, 0.326138, 1
-0.526005, 0.250447, 1
-0.427838, 0.137792, 1
-0.321795, 0.0843326, 1
-0.169466, 0.051401, 1
-0.0454897, 0.000975456, 1
0.0995103, 0.00994493, 1
0.26154, -0.0233066, 1
0.433332, 0.0172974, 1
0.60515, 0.052215, 1
0.74762, 0.078578, 1
0.87132, 0.0881138, 1
1.01516, 0.0778875, 1
1.16391, 0.127296, 1
1.32781, 0.170181, 1
1.50826, 0.197296, 1
1.69159, 0.218874, 1
1.88571, 0.298892, 1
1.98128, 0.329368, 1
2.08579, 0.357018, 1
2.25296, 0.390435, 1
2.35709, 0.416227, 1
2.48446, 0.488274, 1
2.63664, 0.509244, 1
2.82983, 0.523823, 1
2.93306, 0.502927, 1
3.03652, 0.503921, 1
3.14595, 0.499549, 1
3.26418, 0.487383, 1
3.44435, 0.494072, 1
3.62324, 0.433174, 1
3.7907, 0.416919, 1
3.99119, 0.364087, 1
4.10754, 0.309661, 1
4.3301, 0.264177, 1
4.43091, 0.252792, 1
4.59651, 0.255855, 1
4.70232, 0.241018, 1
4.85038, 0.226142, 1
5.0264, 0.242685, 1
5.14668, 0.240489, 1
5.27863, 0.243771, 1
5.44495, 0.104457, 1
5.36062, 0.297745, 1
5.45552, 0.247091, 1
5.54406, 0.302099, 1
5.64304, 0.381062, 1
5.74158, 0.461532, 1
5.82613, 0.58162, 1
5.91461, 0.696201, 1
6.00346, 0.767952, 1
6.0787, 0.851461, 1
6.37592, 0.951758, 1
6.21536, 0.889892, 1
6.11917, 0.978361, 1
6.08719, 1.07812, 1
7.91779, 2.22235, 1
8.36354, 2.11995, 1
7.71234, 1.23834, 1
6.79602, 1.29067, 1
7.05127, 1.58129, 1
6.59964, 1.47352, 1
6.41635, 1.42594, 1
6.16928, 1.38796, 1
6.08862, 1.48932, 1
6.09249, 1.5893, 1
6.07689, 1.69341, 1
6.01335, 1.79579, 1
5.9614, 1.90135, 1
5.92986, 2.00157, 1
5.82239, 2.07937, 1
5.73332, 2.13763, 1
5.57837, 2.20524, 1
5.45976, 2.20333, 1
5.35901, 2.27595, 1
5.26075, 2.323, 1
5.10352, 2.34685, 1
4.97472, 2.37692, 1
4.85865, 2.40573, 1
4.74516, 2.4516, 1
4.60023, 2.46318, 1
4.48924, 2.46738, 1
4.34717, 2.43613, 1
4.21387, 2.40649, 1
4.03188, 2.35305, 1
3.90794, 2.30062, 1
3.76661, 2.17003, 1
3.61668, 2.14436, 1
3.42215, 2.08404, 1
3.26892, 2.03757, 1
3.12512, 1.97851, 1
2.95425, 1.91084, 1
2.85437, 1.88558, 1
2.74579, 1.82974, 1
2.58279, 1.75263, 1
2.47801, 1.72892, 1
2.28472, 1.68092, 1
2.16788, 1.62658, 1
2.06265, 1.59442, 1
1.95683, 1.54409, 1
1.82946, 1.48788, 1
1.61831, 1.43452, 1
1.50773, 1.39926, 1
1.31108, 1.41725, 1
1.15239, 1.38106, 1
0.974687, 1.38435, 1
0.816326, 1.39565, 1
0.631344, 1.44564, 1
0.475114, 1.5095, 1
0.333172, 1.53085, 1
0.182117, 1.54573, 1
0.0437289, 1.54503, 1
-0.0870406, 1.55925, 1
-0.214483, 1.51575, 1
-0.334767, 1.50242, 1
-0.446152, 1.43836, 1
-0.536756, 1.3616, 1
-0.649945, 1.29964, 1
-0.752957, 1.22847, 1
-0.852939, 1.14792, 1
-0.911094, 1.05741, 1
-0.988218, 0.939704, 1
-1.04309, 0.846504, 1
-1.62178, 1.28617, 1
-1.62001, 1.17299, 1
-1.4048, 0.7676, 1
-1.27407, 0.719775, 1
-1.14019, 0.721348, 1
-1.03122, 0.671568, 1
-0.632994, 1.59028, 1
-1.01342, 0.639832, 1
-0.957956, 0.544825, 1
-1.00597, 0.427412, 1
-0.952211, 0.312301, 1
-0.910207, 0.206767, 1
1.4339, -0.105756, 1
0.933283, 0.100949, 1
0.228099, -0.0350769, 1
-0.19587, -0.0383346, 1
-0.436415, -0.0548553, 1
-0.55246, -0.0691507, 1
-0.653194, -0.0948261, 1
-0.752618, -0.153718, 1
-0.778765, -0.264669, 1
-0.740253, -0.359074, 1
-0.59509, -0.412766, 1
-0.492592, -0.48807, 1
-0.401794, -0.557966, 1
-0.282278, -0.55391, 1
-0.151857, -0.589698, 1
-0.0465179, -0.617472, 1
0.08068, -0.635682, 1
0.185337, -0.654635, 1
0.303586, -0.672161, 1
0.449547, -0.678042, 1
0.591984, -0.659117, 1
0.760335, -0.632119, 1
0.90614, -0.604456, 1
1.06535, -0.573, 1
1.17705, -0.529866, 1
1.30037, -0.493689, 1
1.41572, -0.482288, 1
1.54644, -0.411807, 1
1.64613, -0.315665, 1
1.73715, -0.206431, 1
1.81705, -0.0887568, 1
1.89794, -0.0285945, 1
1.96012, 0.0954941, 1
2.03725, 0.180709, 1
2.13601, 0.216325, 1
2.17563, 0.415115, 1
2.23856, 0.323576, 1
2.30056, 0.422007, 1
2.38797, 0.500974, 1
2.48229, 0.555108, 1
2.49264, 0.388833, 1
2.56917, 0.570385, 1
2.69776, 0.602565, 1
2.8052, 0.607662, 1
3.10339, 0.726993, 1
3.36961, 0.581451, 1
3.38339, 0.694496, 1
3.27895, 0.625911, 1
3.43926, 0.50089, 1
3.47013, 0.398249, 1
3.50391, 0.268797, 1
3.63111, 0.198221, 1
3.76455, 0.17071, 1
3.84461, 0.0961021, 1
3.9581, 0.0418227, 1
4.07668, -0.00558606, 1
4.18672, -0.0520727, 1
4.29952, -0.0570689, 1
4.40844, -0.0591158, 1
4.49162, 0.00407413, 1
4.60907, 0.0384643, 1
4.6996, 0.0840853, 1
4.79738, 0.168062, 1
4.9054, 0.176423, 1
4.97048, 0.285629, 1
5.0784, 0.373937, 1
5.14042, 0.457268, 1
5.23242, 0.564015, 1
5.31979, 0.62959, 1
5.38078, 0.714516, 1
5.41835, 0.82334, 1
5.43884, 0.955363, 1
5.46958, 1.05695, 1
5.45571, 1.18046, 1
5.41054, 1.27197, 1
5.38424, 1.39816, 1
5.29754, 1.48158, 1
5.2487, 1.57575, 1
5.14315, 1.66275, 1
5.11331, 1.76368, 1
5.0177, 1.82528, 1
4.90024, 1.84858, 1
4.79085, 1.90032, 1
4.69797, 1.99739, 1
4.5857, 2.02042, 1
4.47395, 2.00435, 1
4.3401, 2.00209, 1
4.20559, 2.02648, 1
4.08387, 2.02496, 1
3.94989, 2.04258, 1
3.77818, 2.02665, 1
3.6366, 2.04505, 1
3.52, 2.01546, 1
3.37323, 1.99557, 1
3.22332, 2.01403, 1
3.12341, 1.98323, 1
2.98012, 1.99154, 1
2.83483, 2.02365, 1
2.70904, 2.01374, 1
2.53021, 2.00178, 1
2.37834, 1.9659, 1
2.17387, 1.91845, 1
2.07446, 1.88848, 1
1.88646, 1.89647, 1
1.7997, 1.78747, 1
1.59382, 1.73522, 1
1.44819, 1.66334, 1
1.35212, 1.60362, 1
1.251, 1.53346, 1
1.14998, 1.50934, 1
1.04162, 1.51978, 1
0.868797, 1.48048, 1
0.694137, 1.50163, 1
0.541859, 1.52768, 1
0.425316, 1.55871, 1
0.252389, 1.54449, 1
0.121848, 1.5467, 1
-0.026094, 1.54347, 1
-0.152818, 1.55151, 1
-0.273725, 1.53288, 1
-0.368856, 1.49736, 1
-0.504903, 1.43281, 1
-0.580319, 1.33724, 1
-0.674555, 1.28321, 1
-0.772462, 1.22176, 1
-0.841566, 1.14187, 1
-1.04114, 1.10605, 1
-0.98845, 0.997714, 1
-1.06944, 0.874143, 1
-1.06312, 0.774292, 1
-1.05663, 0.663959, 1
-1.06848, 0.561528, 1
-1.10052, 0.450918, 1
-1.07398, 0.338775, 1
-1.00774, 0.242777, 1
-0.933159, 0.126305, 1
-0.868991, 0.0480009, 1
-0.823056, -0.0751012, 1
-0.785215, -0.180795, 1
-0.805821, -0.302753, 1
-0.684028, -0.374799, 1
-0.565933, -0.405791, 1
-0.666191, -0.507028, 1
-0.798029, -0.429324, 1
-0.581345, -0.418553, 1
-0.477957, -0.398778, 1
-0.31495, -0.631396, 1
-0.306725, -0.426645, 1
-0.219237, -0.358189, 1
-0.0943659, -0.316055, 1
0.0390682, -0.288683, 1
0.158832, -0.204453, 1
0.216327, -0.103185, 1
0.32426, -0.0769443, 1
0.462551, -0.0483207, 1
0.651713, -0.0212487, 1
0.828871, 0.0490059, 1
0.945476, 0.0984504, 1
1.07795, 0.130893, 1
1.23784, 0.150213, 1
1.34983, 0.14755, 1
1.48898, 0.13959, 1
1.62367, 0.134569, 1
1.78598, 0.178421, 1
1.93823, 0.18286, 1
2.12002, 0.229334, 1
2.22566, 0.2575, 1
2.32612, 0.305043, 1
2.42662, 0.374168, 1
2.5647, 0.421964, 1
2.67392, 0.464356, 1
2.78752, 0.469334, 1
2.95974, 0.496009, 1
3.14946, 0.459597, 1
3.3006, 0.441045, 1
3.41842, 0.419327, 1
3.59063, 0.387401, 1
3.77335, 0.376503, 1
3.94787, 0.393354, 1
4.06027, 0.38109, 1
4.16013, 0.374645, 1
4.32655, 0.347562, 1
4.4946, 0.307856, 1
4.6442, 0.275228, 1
4.78875, 0.258323, 1
4.93333, 0.264752, 1
5.08189, 0.248774, 1
4.30467, 0.779949, 1
3.9566, 0.363713, 1
4.70298, 0.286889, 1
5.00434, 0.154829, 1
5.18863, 0.266244, 1
5.39538, 0.340957, 1
5.52996, 0.393471, 1
5.64696, 0.406255, 1
5.74434, 0.56968, 1
5.84413, 0.68739, 1
4.09388, 0.478042, 1
4.55416, 0.926624, 1
5.03145, 0.770305, 1
5.29158, 0.826643, 1
5.62231, 0.853888, 1
5.85275, 0.859164, 1
5.91422, 0.947531, 1
5.9563, 1.05212, 1
5.93342, 1.15488, 1
5.96974, 1.26869, 1
5.94834, 1.39776, 1
5.92957, 1.50418, 1
5.98983, 1.60802, 1
5.92493, 1.70601, 1
5.83448, 1.77871, 1
5.7422, 1.86693, 1
5.64534, 1.92906, 1
5.54481, 2.00516, 1
5.43015, 2.05834, 1
5.31093, 2.07735, 1
5.19309, 2.07414, 1
5.089, 2.08103, 1
4.93713, 2.10435, 1
4.82114, 2.12492, 1
4.69044, 2.11431, 1
4.58586, 2.12307, 1
4.45684, 2.08773, 1
4.35527, 2.0669, 1
4.20235, 2.0285, 1
4.05057, 2.00197, 1
3.9259, 2.0381, 1
3.77521, 2.05674, 1
3.59988, 2.04329, 1
3.49705, 2.05511, 1
3.30831, 2.07698, 1
3.19779, 2.10696, 1
3.05519, 2.07915, 1
2.89277, 2.27678, 1
2.78394, 2.19119, 1
2.55696, 2.16134, 1
2.36749, 2.15108, 1
2.17703, 2.10758, 1
2.07737, 2.08229, 1
1.93378, 2.05861, 1
2.38436, 1.84105, 1
1.9496, 2.01047, 1
1.74911, 1.96728, 1
1.65028, 1.82979, 1
1.34932, 1.65701, 1
1.17493, 1.62168, 1
1.07033, 1.61383, 1
0.897875, 1.57922, 1
0.723875, 1.58598, 1
0.539299, 1.41469, 1
0.387845, 1.42968, 1
0.240078, 1.44572, 1
0.0673734, 1.47407, 1
-0.0363384, 1.54277, 1
-0.192708, 1.46888, 1
-0.33255, 1.44374, 1
-0.451286, 1.38462, 1
-0.559257, 1.31664, 1
-0.662147, 1.22528, 1
-0.772059, 1.16053, 1
-0.855017, 1.06268, 1
-0.933666, 0.997002, 1
-0.921767, 0.88652, 1
-0.986218, 0.801126, 1
-0.982212, 0.680513, 1
-1.00087, 0.566482, 1
0.0412465, 0.288017, 1
0.0823303, 0.50592, 1
-0.581045, 0.371223, 1
-0.802059, 0.408003, 1
-0.879206, 0.307966, 1
-0.912965, 0.21327, 1
-0.867637, 0.0933157, 1
-0.804608, -0.000109606, 1
-0.898522, -0.0472319, 1
-0.80289, -0.00693365, 1
-0.809507, -0.117811, 1
-0.712188, -0.222809, 1
-0.604349, -0.276867, 1
-0.49838, -0.313801, 1
-0.396666, -0.341499, 1
-0.239562, -0.382559, 1
-0.108354, -0.382576, 1
0.0313858, -0.374713, 1
0.433262, -0.506074, 1
0.313036, -0.305276, 1
0.462088, -0.264325, 1
0.611961, -0.235177, 1
0.709357, -0.205613, 1
0.832389, -0.141062, 1
0.952875, -0.0640016, 1
1.1045, 0.00615476, 1
1.28509, 0.0906015, 1
1.49197, 0.15066, 1
1.6294, 0.188653, 1
1.73533, 0.237091, 1
1.86436, 0.301778, 1
1.97922, 0.373408, 1
2.11936, 0.415521, 1
2.22637, 0.461627, 1
2.36946, 0.488405, 1
2.47008, 0.529582, 1
2.62725, 0.609591, 1
2.78261, 0.667304, 1
2.97021, 0.681494, 1
3.07709, 0.660814, 1
3.25646, 0.629466, 1
3.39147, 0.583311, 1
3.48896, 0.55283, 1
3.67298, 0.528841, 1
3.77715, 0.510702, 1
3.91712, 0.497758, 1
4.05814, 0.447879, 1
4.22802, 0.382364, 1
4.33144, 0.364026, 1
4.45334, 0.335163, 1
4.6139, 0.32857, 1
4.79841, 0.325639, 1
4.94805, 0.343193, 1
5.08845, 0.338322, 1
5.21971, 0.331438, 1
5.31497, 0.363439, 1
5.37347, 0.453529, 1
5.47994, 0.48321, 1
5.58023, 0.554998, 1
5.73628, 0.625758, 1
5.82446, 0.686062, 1
5.88911, 0.764727, 1
6.18856, 0.54431, 1
6.02881, 0.841095, 1
6.0453, 0.939959, 1
6.0355, 1.06559, 1
5.58962, 1.25677, 1
5.24755, 1.08948, 1
5.44488, 1.10727, 1
5.63209, 1.17468, 1
5.87306, 1.2353, 1
5.96423, 1.27675, 1
5.99117, 1.39771, 1
6.02638, 1.54716, 1
6.06161, 1.72471, 1
6.01077, 1.83907, 1
5.92493, 1.96409, 1
5.81065, 2.0195, 1
5.68656, 2.06463, 1
5.6255, 2.14604, 1
5.50722, 2.12337, 1
5.34734, 2.14114, 1
5.2104, 2.13816, 1
5.09537, 2.12212, 1
4.96074, 2.04533, 1
4.86232, 2.07114, 1
4.74546, 2.03375, 1
4.59375, 1.99389, 1
4.4073, 1.98846, 1
4.29768, 1.88853, 1
4.12167, 1.86354, 1
4.0215, 1.8657, 1
3.85957, 1.87133, 1
3.74203, 1.80883, 1
3.58505, 1.89182, 1
3.47405, 1.9614, 1
3.37657, 2.02438, 1
3.24599, 2.06677, 1
3.14785, 2.0999, 1
3.06162, 2.16095, 1
2.93222, 2.31125, 1
2.87947, 2.19005, 1
2.78797, 2.25386, 1
2.69248, 2.19991, 1
2.54172, 2.15605, 1
2.43436, 2.10687, 1
2.3231, 2.08535, 1
2.18357, 2.02544, 1
2.02608, 1.93017, 1
1.90325, 1.84673, 1
1.77302, 1.76659, 1
1.65294, 1.73068, 1
1.48913, 1.55374, 1
1.37575, 1.71092, 1
1.34627, 1.53407, 1
1.29193, 1.42424, 1
1.19023, 1.37253, 1
1.07147, 1.32959, 1
0.918389, 1.31649, 1
0.814619, 1.33684, 1
0.723348, 1.38318, 1
0.578953, 1.40058, 1
0.501759, 1.49319, 1
0.394252, 1.57733, 1
0.315243, 1.66045, 1
0.218347, 1.69781, 1
0.123349, 1.83285, 1
0.158535, 1.69435, 1
0.0564233, 1.74655, 1
-0.0601779, 1.79182, 1
-0.158888, 1.72592, 1
-0.27428, 1.66937, 1
-0.410278, 1.64156, 1
-0.521721, 1.56024, 1
-0.605235, 1.47987, 1
-0.691759, 1.40801, 1
-0.742389, 1.27589, 1
-0.798691, 1.17667, 1
-1.35418, -1.53056, 1
0.384493, -0.0028484, 1
-0.421735, 0.819774, 1
-0.667964, 0.935716, 1
-0.779143, 0.887374, 1
-0.816002, 0.766241, 1
-0.768013, 0.641078, 1
-0.690375, 0.561092, 1
-0.617475, 0.443478, 1
-0.637141, 0.33942, 1
-0.595244, 0.248196, 1
0.174227, -0.365748, 1
-0.0920251, -0.486668, 1
-0.717819, -0.0429764, 1
-0.551379, 0.0893523, 1
-0.358982, -0.569528, 1
-0.361625, 0.0177531, 1
-0.247259, 0.0111704, 1
-0.0866392, -0.0474191, 1
-0.0434571, -0.30515, 1
-0.336308, -0.297055, 1
-0.245729, -0.194248, 1
-0.0321468, -0.0944526, 1
0.26878, -0.0884904, 1
0.38211, -0.0699372, 1
0.545034, -0.0685798, 1
0.671214, -0.11484, 1
0.787127, -0.105982, 1
0.932456, -0.0760412, 1
1.0355, -0.0722931, 1
1.18913, -0.0635637, 1
1.31074, -0.0501648, 1
1.44463, -0.00672691, 1
1.59192, 0.0755113, 1
1.75306, 0.195893, 1
1.866, 0.253788, 1
2.05895, 0.29885, 1
2.17294, 0.359723, 1
2.31093, 0.434211, 1
2.40228, 0.497058, 1
2.52354, 0.55335, 1
2.63093, 0.5812, 1
2.75088, 0.605455, 1
2.87379, 0.611017, 1
3.03334, 0.595607, 1
3.19403, 0.565234, 1
3.34783, 0.519459, 1
3.46544, 0.519341, 1
3.58287, 0.510212, 1
3.69468, 0.496032, 1
3.8182, 0.466619, 1
3.93606, 0.447729, 1
4.05582, 0.371253, 1
4.18979, 0.330669, 1
4.31171, 0.29192, 1
4.40753, 0.222396, 1
4.54802, 0.195741, 1
4.17939, 0.114277, 1
4.0435, 0.0114486, 1
4.41208, 0.108113, 1
4.57861, 0.116096, 1
4.71445, -0.388598, 1
4.73611, 0.153203, 1
4.87245, 0.183594, 1
4.99274, 0.140538, 1
5.10784, 0.183897, 1
5.20522, 0.255868, 1
5.24988, 0.369929, 1
5.24007, 0.492732, 1
5.25309, 0.651099, 1
5.33148, 0.729035, 1
5.40153, 0.813643, 1
5.45542, 0.91328, 1
5.4604, 1.04682, 1
5.37143, 1.15165, 1
5.29295, 1.2608, 1
5.23997, 1.38151, 1
5.21124, 1.48167, 1
5.19541, 1.58461, 1
5.09137, 1.64789, 1
4.97306, 1.66724, 1
4.85626, 1.69542, 1
4.57055, 2.12468, 1
4.66084, 1.72317, 1
4.61096, 1.85985, 1
4.49375, 1.9021, 1
4.36007, 1.93768, 1
4.22992, 1.96813, 1
4.10929, 1.94379, 1
3.9928, 1.95527, 1
3.85875, 2.01448, 1
3.74208, 2.04361, 1
3.60346, 2.06256, 1
3.48147, 2.08451, 1
3.33361, 2.10479, 1
3.16094, 2.13975, 1
3.04497, 2.10577, 1
2.90113, 2.04778, 1
2.79487, 2.01542, 1
2.65229, 2.01735, 1
2.49224, 1.97872, 1
2.291, 1.95066, 1
2.162, 1.92145, 1
2.026, 1.84694, 1
1.90866, 1.80879, 1
1.77417, 1.74347, 1
1.64543, 1.70996, 1
1.51544, 1.62573, 1
1.41492, 1.61264, 1
1.23697, 1.49518, 1
1.10967, 1.43893, 1
0.930796, 1.42438, 1
0.830071, 1.4657, 1
0.669514, 1.49731, 1
0.55505, 1.49115, 1
0.413849, 1.50039, 1
0.256764, 1.52407, 1
0.121159, 1.50875, 1
-0.0169285, 1.46488, 1
-0.149721, 1.43197, 1
-0.365822, 1.52801, 1
-0.300331, 1.36156, 1
-0.399124, 1.32006, 1
-0.530611, 1.23272, 1
-0.637813, 1.14352, 1
-0.728204, 1.0435, 1
-0.931994, 0.771459, 1
-0.906387, 0.898225, 1
-0.943532, 0.800931, 1
-0.995274, 0.68226, 1
-0.960314, 0.588414, 1
-0.850894, 0.612179, 1
-0.925583, 0.536977, 1
-0.904392, 0.401452, 1
-0.767456, 0.362339, 1
-0.682442, 0.28005, 1
-0.708826, 0.183476, 1
-0.798608, 0.137203, 1
