-0.707657, -0.522864, -7.17328e-10
-0.759704, -0.433644, -5.96051e-10
-0.720708, -0.532768, -1.88644e-08
-0.687804, -0.435098, -1.49101e-10
-0.715782, -0.53632, -9.6276e-11
-0.680931, -0.436995, -9.97078e-12
-0.773077, -0.486516, -8.77068e-11
-0.669386, -0.467341, -2.49964e-12
-0.756176, -0.521281, -4.18095e-11
-0.647214, -0.489021, 0.572086
-0.549469, -0.523365, 1.02399
-0.444278, -0.501353, 1.26894
-0.308195, -0.484631, 1.53371
-0.152495, -0.37958, 1.73774
-0.0309547, -0.361419, 1.82703
0.174888, -0.268851, 1.80311
0.30382, -0.167826, 1.95887
0.511044, -0.0688584, 2.00563
0.635675, -0.000982125, 1.91045
0.779494, 0.0535706, 2.01235
0.9358, 0.133498, 1.97711
1.08775, 0.185126, 2.03603
1.21547, 0.23961, 2.14837
1.43174, 0.269315, 2.28254
1.54667, 0.286123, 2.40413
1.72294, 0.285504, 2.35081
1.83717, 0.264638, 2.48009
2.0408, 0.266671, 2.67108
2.1578, 0.282722, 2.77074
2.2874, 0.342176, 2.93297
2.43204, 0.389054, 2.97796
2.54463, 0.374276, 3.05181
2.67035, 0.383795, 3.18723
2.84717, 0.354603, 3.2669
2.96078, 0.334538, 3.33967
3.15111, 0.319169, 3.41451
3.31436, 0.269601, 3.30195
3.48912, 0.214832, 3.20603
3.76481, 0.223702, 3.15473
3.86599, 0.229763, 3.13633
4.14335, 0.199123, 3.02617
4.38222, 0.148932, 2.89904
4.52699, 0.102019, 2.82234
4.73502, 0.151956, 2.66982
4.8966, 0.165914, 2.58214
5.05011, 0.145284, 2.44107
5.20173, 0.205139, 2.22332
5.438, 0.152146, 2.06111
5.53849, 0.363362, 1.89025
5.54902, 0.479817, 1.74866
5.61867, 0.637523, 1.76607
5.66504, 0.741587, 1.72355
5.749, 0.861914, 1.71544
5.88866, 0.913535, 1.62466
5.95222, 1.02391, 1.60465
5.86253, 1.12056, 1.61072
5.8307, 1.24735, 1.5903
5.79259, 1.38035, 1.63667
5.85759, 1.48916, 1.54208
4.78063, 1.4096, 1.5707
5.31326, 1.61092, 1.55418
5.61869, 1.66551, 1.53226
5.77696, 2.31204, 1.71241
5.88704, 1.9268, 1.74926
5.71574, 1.87167, 1.76873
5.54082, 1.95606, 1.73073
5.41643, 2.02769, 1.83741
5.32869, 2.09725, 1.87035
5.13696, 2.18231, 1.85108
5.01035, 2.22691, 1.91273
4.91459, 2.28013, 1.98341
4.81893, 2.31016, 2.01529
4.71296, 2.36311, 2.1694
4.57792, 2.33713, 2.27507
4.4251, 2.34898, 2.36242
4.30123, 2.30769, 2.44612
4.11377, 2.26108, 2.51931
4.00068, 2.18806, 2.59352
3.89828, 2.12994, 2.64765
3.7482, 2.06439, 2.73252
3.5892, 2.03909, 2.82146
3.48422, 1.98704, 2.83747
3.25144, 1.93775, 3.02215
3.14156, 1.86517, 3.09612
2.96703, 1.85569, 3.23228
2.82159, 1.83103, 3.31146
2.66194, 1.84231, 3.43424
2.49631, 1.84961, 3.48882
2.25656, 1.84785, 3.58463
2.15306, 1.79536, 3.57052
1.97571, 1.74999, 3.45214
1.6374, 1.66047, 3.42145
1.53769, 1.62794, 3.40153
1.44555, 1.57692, 3.35741
1.21855, 1.50337, 3.33056
1.07512, 1.47532, 3.27877
0.970802, 1.4761, 3.20835
0.794031, 1.51498, 3.14512
0.614275, 1.53049, 3.09212
0.499906, 1.54558, 3.10645
0.309083, 1.58562, 3.00987
0.170955, 1.58773, 2.85431
0.0419487, 1.56686, 2.79572
-0.107511, 1.59891, 2.68333
-0.217227, 1.56538, 2.60149
-0.325355, 1.52959, 2.48412
1.76061, 1.29241, 2.3653
2.09026, 0.0746483, 2.32145
1.28857, 0.344641, 2.27567
0.551536, 0.642112, 2.20262
-0.030167, 0.927661, 2.11607
-0.606822, 1.25849, 2.09548
-0.77434, 1.26554, 1.97632
-0.837586, 1.16689, 1.80641
-0.989975, 1.1181, 1.77763
-1.01633, 0.972194, 1.74463
-1.04798, 0.829896, 1.65204
-1.0553, 0.692057, 1.57168
-1.02701, 0.543405, 1.57818
-1.14622, 0.0992743, 1.54676
-1.21005, 0.362278, 1.48745
-1.06435, 0.359025, 1.57473
-0.923731, 0.246631, 1.60743
-0.853373, 0.104802, 1.56797
-0.827243, -0.0346478, 1.54459
-0.770134, -0.140918, 1.53155
-0.713917, -0.306785, 1.58021
-0.742936, -0.41545, 1.54606
-0.730071, -0.53212, 1.53024
-0.609341, -0.574546, 1.52719
-0.500742, -0.538252, 1.50926
-0.39902, -0.542379, 1.47545
-0.260482, -0.520635, 1.4879
-0.113726, -0.460471, 1.5749
0.0947821, -0.437842, 1.72581
0.221391, -0.384572, 1.91186
0.336452, -0.313335, 1.99129
0.452401, -0.272035, 2.05833
0.613471, -0.19927, 1.99815
0.74273, -0.0898216, 1.90104
0.550617, 0.0391214, 2.0275
0.908177, 0.0287647, 2.06364
1.04076, 0.0886585, 2.12316
1.18833, 0.185189, 2.15518
1.30468, 0.228396, 2.2515
1.4333, 0.248689, 2.32469
1.56439, 0.298836, 2.39215
1.69111, 0.365574, 2.50775
1.89921, 0.409472, 2.63487
2.00957, 0.423073, 2.73704
2.19859, 0.479786, 2.8137
2.29812, 0.466313, 2.92668
2.41317, 0.501541, 3.09437
2.5129, 0.518139, 3.11877
2.63552, 0.522612, 3.19032
2.77736, 0.511722, 3.30095
3.07182, 0.416529, 3.43785
3.34178, 0.356405, 3.27943
3.49268, 0.321442, 3.25511
3.66787, 0.262098, 3.22137
3.87692, 0.21491, 3.17967
4.10186, 0.194896, 3.09809
4.21115, 0.185243, 3.04225
4.37592, 0.189203, 3.0053
4.54253, 0.145909, 2.85697
4.78243, 0.107439, 2.72571
4.91108, 0.0991642, 2.59605
5.01431, 0.106703, 2.46838
5.11448, 0.106088, 2.37406
5.21798, 0.0973114, 2.23564
5.43038, 0.039753, 2.11504
5.45211, 0.148709, 2.08751
5.56727, 0.233126, 1.88359
5.64874, 0.344496, 1.80695
5.70909, 0.425218, 1.75833
5.78546, 0.514322, 1.78516
5.88684, 0.596553, 1.68174
5.87767, 0.704653, 1.64036
5.89697, 0.819576, 1.62549
5.98698, 0.914419, 1.60397
5.99179, 1.022, 1.59373
5.94462, 1.11906, 1.57036
5.92528, 1.23228, 1.55521
5.97619, 1.63902, 1.5712
6.10825, 1.39764, 1.54246
6.00579, 1.40809, 1.5438
5.95757, 1.51209, 1.53069
5.90471, 1.64776, 1.52081
5.78887, 1.69464, 1.54208
5.65098, 1.80474, 1.65194
5.47908, 1.88974, 1.85693
5.38422, 1.93006, 2.02365
5.24882, 1.95535, 2.14693
5.1531, 1.9092, 2.21495
5.02662, 1.95709, 2.33795
4.85963, 1.98478, 2.44304
4.69169, 2.00993, 2.50256
4.52471, 2.00708, 2.60805
4.38911, 2.01138, 2.6102
4.19652, 2.01333, 2.70265
4.06615, 1.99135, 2.81408
3.79876, 2.04747, 2.9108
3.63421, 2.08758, 2.94254
3.51404, 2.12553, 2.80119
3.35145, 2.18041, 2.76319
3.09902, 2.22564, 2.69399
2.92731, 2.27082, 2.57402
2.74891, 2.23976, 2.43479
2.65026, 2.07511, 2.35937
2.68588, 2.38973, 2.3778
2.59704, 2.34218, 2.3264
2.45116, 2.31285, 2.31948
2.33007, 2.28326, 2.31921
2.18704, 2.14893, 2.3633
2.05627, 2.10532, 2.35994
1.86742, 2.06584, 2.40822
1.71455, 1.953, 2.47042
1.50534, 1.78669, 2.34073
1.36852, 1.71167, 2.30314
1.26985, 1.68613, 2.29564
1.11685, 1.67104, 2.26448
0.996983, 1.67559, 2.22781
0.877951, 1.63377, 2.14385
0.787593, 1.57983, 2.07894
0.675982, 1.5325, 2.03054
0.518496, 1.46326, 1.93289
0.401832, 1.43337, 1.84748
0.279077, 1.41911, 1.7404
0.172568, 1.41089, 1.76112
-0.0176531, 1.48262, 1.77865
-0.128925, 1.48821, 1.6915
-0.237041, 1.50107, 1.68142
-0.333335, 1.46699, 1.6498
-0.454582, 1.44629, 1.57088
-0.3606, 1.22694, 1.61062
-0.44526, 1.29983, 1.56745
-0.451347, 1.40598, 1.51404
-0.59418, 1.35068, 1.48243
-0.686711, 1.3043, 1.57913
-0.828433, 1.2331, 1.54725
-0.876914, 1.1282, 1.61641
-0.926636, 1.00822, 1.56467
-0.946728, 0.877445, 1.55603
-0.943232, 0.738062, 1.5357
-0.950286, 0.615323, 1.51724
-0.931901, 0.480618, 1.49692
-0.846205, 0.331574, 1.53731
-0.796436, 0.232306, 1.50396
-0.739042, 0.126349, 1.54142
-0.758537, -0.0392313, 1.51393
-0.713854, -0.138014, 1.48748
-0.713191, -0.244521, 1.50118
-0.595145, -0.281143, 1.50296
-0.450903, -0.291056, 1.52097
-0.346516, -0.280629, 1.57509
-0.205559, -0.316499, 1.73499
-0.0966004, -0.296337, 1.80425
-0.00983635, -0.236703, 1.92834
0.0881307, -0.201002, 1.93798
0.220327, -0.146844, 2.0889
0.420963, -0.0893057, 2.16514
0.581195, -0.0325429, 2.15927
0.712981, 0.0154978, 2.27342
0.882266, 0.0674768, 2.43563
1.01669, 0.100322, 2.43353
1.15885, 0.16316, 2.51904
1.30893, 0.210867, 2.60516
1.44644, 0.254652, 2.70899
1.60655, 0.270541, 2.82268
1.77818, 0.290222, 2.92992
2.00221, 0.347939, 3.05879
2.14525, 0.393568, 3.13902
2.2886, 0.451615, 3.26112
2.40868, 0.456181, 3.33842
2.55838, 0.474938, 3.4451
2.68346, 0.489051, 3.51323
2.85789, 0.458672, 3.59906
2.95508, 0.434227, 3.60545
3.19268, 0.464266, 3.46121
3.28735, 0.505233, 3.45254
3.47912, 0.458618, 3.4205
3.69228, 0.381996, 3.37138
3.79185, 0.37046, 3.34838
3.90598, 0.345196, 3.31994
4.09392, 0.300433, 3.23186
4.23841, 0.29291, 3.16889
4.42227, 0.268911, 3.0682
4.7024, 0.229457, 2.92402
4.86414, 0.174837, 2.84341
5.00324, 0.177451, 2.72239
5.12177, 0.184506, 2.55991
5.26326, 0.192897, 2.40887
5.37664, 0.254766, 2.31322
5.51162, 0.282888, 2.13255
5.6166, 0.380753, 1.98296
5.69131, 0.458224, 1.83297
5.67991, 0.587635, 1.72631
5.8132, 0.596893, 1.75221
5.92231, 0.653845, 1.67117
7.65975, 0.738648, 1.62128
7.35883, 0.820925, 1.60128
6.48356, 0.976221, 1.64581
6.27372, 0.952, 1.61458
6.04017, 0.974484, 1.55999
5.99695, 1.08961, 1.58497
6.02749, 1.18895, 1.48812
5.45258, 1.58155, 1.57319
5.44906, 1.25364, 1.56384
5.85102, 1.3458, 1.54671
5.97159, 1.40853, 1.60318
5.94177, 1.5104, 1.55806
5.93875, 1.63486, 1.57989
5.85564, 1.70095, 1.58998
5.79084, 1.7909, 1.70042
5.69862, 1.91468, 1.79143
5.64747, 2.37061, 1.9118
5.61777, 2.13919, 1.945
5.54586, 2.05465, 1.93384
5.39876, 2.12251, 2.00346
5.29606, 2.12519, 2.04212
5.17679, 2.17915, 2.14064
5.05266, 2.22001, 2.2047
4.92068, 2.28558, 2.29063
4.7203, 2.27386, 2.48172
4.43476, 2.25929, 2.69864
4.265, 2.19346, 2.74593
4.15816, 2.17527, 2.8356
3.91192, 2.14836, 2.93338
3.65894, 2.10482, 3.07273
3.50912, 2.03812, 3.13188
3.26253, 1.99999, 3.27359
3.11266, 2.01131, 3.32592
2.93489, 1.96578, 3.40045
2.75596, 2.00048, 3.48494
2.64776, 2.0276, 3.5631
2.48753, 2.003, 3.61938
2.32923, 1.98131, 3.66871
2.17307, 1.87688, 3.58872
1.98253, 1.83065, 3.53334
1.83779, 1.75292, 3.52041
1.71904, 1.75127, 3.50486
1.49715, 1.63692, 3.46621
1.36983, 1.5749, 3.40881
1.18866, 1.54438, 3.28188
0.978299, 1.53757, 3.24621
0.848174, 1.54316, 3.21578
0.591644, 1.52905, 3.07243
0.419044, 1.52431, 3.00427
0.241562, 1.52014, 2.8974
0.0864749, 1.5165, 2.83423
-0.0804761, 1.52441, 2.72702
-0.18525, 1.51525, 2.57399
-0.315556, 1.51978, 2.49202
-0.462745, 1.4127, 2.32622
-0.563408, 1.31545, 2.12934
-0.683787, 1.2096, 1.912
-0.770307, 1.13577, 1.87486
-0.872774, 1.00476, 1.82115
-0.942532, 0.910902, 1.74116
-1.04063, 0.768283, 1.7063
-1.07551, 0.63509, 1.66702
-1.07376, 0.533311, 1.66719
-1.03723, 0.43141, 1.58018
-0.96703, 0.336293, 1.53195
-0.921841, 0.213334, 1.51615
-0.902472, 0.0942338, 1.53184
-0.876502, -0.00519226, 1.54679
-0.825352, -0.113577, 1.48611
-0.790937, -0.220685, 1.52321
-0.774134, -0.354526, 1.5123
-0.779935, -0.479071, 1.51145
-0.672516, -0.540569, 1.47884
-0.578656, -0.583169, 1.49917
-0.478856, -0.615275, 1.54992
-0.172542, -0.820803, 1.57651
-0.292854, -0.587823, 1.55802
-3.41865, -2.50763, 1.65263
-0.990348, -1.43614, 1.66244
-0.532899, -0.882138, 1.75092
-0.279561, -0.603588, 1.73959
-0.102964, -0.594063, 1.8103
0.0302135, -0.551901, 1.86902
0.199175, -0.453717, 1.91219
0.323527, -0.387122, 2.01621
0.47978, -0.273233, 2.01861
0.582479, -0.176675, 1.94953
0.680919, -0.0637767, 1.92163
0.784136, -0.014788, 1.88616
0.928326, 0.151685, 1.81535
1.03163, 0.0201123, 1.78665
1.10538, 0.16432, 1.79372
1.23626, 0.291444, 1.79223
1.36943, 0.367701, 1.83156
1.50341, 0.405582, 1.86836
1.66582, 0.429157, 1.9486
1.813, 0.459205, 2.12289
1.91399, 0.454536, 2.21309
2.04582, 0.434814, 2.31155
2.15182, 0.430492, 2.41449
2.30041, 0.419384, 2.49355
2.44541, 0.438341, 2.6855
2.66374, 0.450251, 2.89473
2.81645, 0.401268, 3.03741
3.04186, 0.285543, 3.1292
3.19284, 0.213271, 3.20863
3.36276, 0.15169, 3.06517
3.6578, 0.150231, 3.01601
3.83235, 0.162093, 2.96873
4.09424, 0.0777226, 2.89524
4.19404, 0.0470705, 2.84145
4.38682, 0.0164638, 2.7758
4.58388, -0.00210994, 2.66953
4.71007, 0.00212811, 2.5587
4.89126, 0.0308297, 2.38802
5.03833, 0.0388957, 2.25318
5.14849, 0.0434579, 2.12778
5.20228, 0.165968, 1.87516
5.29492, 0.215979, 1.80763
5.40258, 0.284824, 1.6761
5.56325, 0.393438, 1.69854
5.62064, 0.486672, 1.62787
5.66429, 0.590796, 1.62298
5.69533, 0.701158, 1.60064
5.76181, 0.847542, 1.58777
5.70217, 1.00252, 1.55044
5.68126, 1.14002, 1.51032
5.76509, 1.19806, 1.55309
5.72415, 1.31586, 1.5515
5.65904, 1.39214, 1.50887
5.58359, 1.53196, 1.56799
5.51637, 1.62296, 1.75464
5.44608, 1.69681, 1.85628
5.3473, 1.78811, 1.97078
5.28596, 1.95979, 2.11079
5.24379, 1.85685, 2.184
5.11958, 1.92007, 2.27048
4.92856, 1.99107, 2.38991
4.61728, 1.99787, 2.60727
4.43825, 2.0229, 2.69386
4.16402, 2.02287, 2.8609
3.90794, 2.0661, 3.0641
3.7434, 2.07276, 3.16376
3.49031, 2.07262, 3.03194
3.34702, 2.09157, 3.11763
3.19798, 2.15563, 3.06555
3.07756, 2.17323, 3.10899
2.91808, 2.18233, 3.04894
2.74121, 2.19171, 3.11191
2.60814, 2.16375, 3.10979
2.43627, 2.13532, 3.20823
2.25691, 2.12024, 3.3076
2.06559, 2.03878, 3.34824
1.90684, 2.01031, 3.21563
1.69092, 1.95248, 3.13235
1.48527, 1.79437, 3.05365
1.22579, 1.77046, 3.02846
1.12658, 1.73179, 2.99658
0.944415, 1.69306, 2.90372
0.757099, 1.66737, 2.80037
0.623909, 1.61601, 2.72717
0.504148, 1.58137, 2.65689
0.4688, 1.48324, 2.59697
0.372596, 1.43532, 2.59591
0.231908, 1.39588, 2.57439
0.0482227, 1.40295, 2.58024
-0.0850705, 1.33541, 2.33726
-0.269892, 1.26088, 2.23324
-0.37418, 1.26383, 2.14882
-0.471728, 1.23796, 2.07621
-0.583871, 1.15352, 1.89926
-0.683788, 1.10399, 1.75235
-0.779082, 1.00264, 1.62731
-0.845271, 0.914349, 1.63345
-0.919655, 0.824013, 1.54365
-1.0101, 0.755769, 1.5425
-0.994631, 0.622746, 1.54724
-0.971643, 0.473137, 1.53782
-1.03216, 0.342218, 1.5228
-0.952622, 0.208716, 1.44775
-0.835453, 0.100257, 1.46075
-0.81689, -0.00178929, 1.48155
-0.773609, -0.103196, 1.45027
-0.77287, -0.254847, 1.45293
-0.749607, -0.357856, 1.43394
-0.673358, -0.469417, 1.40365
-0.562068, -0.512322, 1.4372
-0.617051, -0.384129, 1.5284
-0.479061, -0.584134, 1.53664
-0.314118, -0.568911, 1.58619
-0.0501172, -0.480161, 1.68609
0.0469698, -0.422734, 1.74096
0.131775, -0.355269, 1.82864
0.239379, -0.269293, 1.76448
0.344903, -0.219612, 1.69566
0.448561, -0.120119, 1.66644
0.637441, 0.0196979, 1.73445
0.770474, 0.0729116, 1.67241
0.865072, 0.13705, 1.71264
0.962072, 0.197653, 1.73738
1.08306, 0.254683, 1.66298
1.26232, 0.265654, 1.77949
1.39923, 0.328436, 1.84379
1.52317, 0.290154, 1.94103
1.69668, 0.268759, 1.99387
1.81224, 0.241982, 2.05661
1.91247, 0.233196, 2.05355
2.06861, 0.235116, 2.16368
2.17029, 0.269016, 2.25586
2.28138, 0.317778, 2.33505
2.37668, 0.356269, 2.35391
2.51546, 0.394092, 2.55172
2.63933, 0.414568, 2.71234
2.80042, 0.383558, 2.77304
2.9484, 0.338902, 2.74368
3.09165, 0.337445, 2.94763
3.22626, 0.332042, 2.8934
3.39374, 0.323776, 2.76479
3.61699, 0.385234, 2.72277
3.73256, 0.345776, 2.68549
3.87468, 0.278372, 2.63832
4.02181, 0.260137, 2.55822
4.26322, 0.207486, 2.44622
4.46871, 0.217233, 2.29611
4.57016, 0.173316, 2.25492
4.74132, 0.113067, 2.10361
4.84138, 0.147036, 2.00405
4.97519, 0.168034, 1.90089
5.08293, 0.189109, 1.75963
5.39174, 0.188492, 1.60946
5.31226, 0.324118, 1.5796
5.38677, 0.416929, 1.54326
5.44113, 0.559052, 1.57212
5.46769, 0.68756, 1.54101
5.54817, 0.75609, 1.50142
5.52742, 0.862607, 1.51431
5.51202, 0.981808, 1.44948
5.62501, 1.16246, 1.43182
5.60387, 1.26653, 1.44723
5.88639, 1.58004, 1.48313
5.63095, 1.42225, 1.47938
5.11304, 1.63145, 1.50545
5.37659, 1.55958, 1.56151
5.30151, 1.66726, 1.76195
5.20053, 1.78222, 1.9393
5.06537, 1.86975, 2.08362
4.80718, 1.92114, 2.13074
4.69008, 1.97429, 2.21177
4.45784, 2.03066, 2.35366
4.19882, 2.01225, 2.23312
3.75001, 2.03951, 2.34846
3.69069, 2.13326, 2.25427
3.58641, 2.13108, 2.35913
3.47144, 2.13634, 2.45593
3.3573, 2.14526, 2.54999
3.25587, 2.18618, 2.64487
3.12661, 2.15519, 2.75219
2.95215, 2.06732, 2.92169
2.77498, 2.13195, 2.99166
2.65385, 2.10792, 3.12905
2.43005, 2.11292, 3.19262
2.35256, 2.04111, 3.28357
2.25056, 2.01101, 3.35185
1.95478, 1.89159, 3.33272
1.81524, 1.84728, 3.25076
1.70139, 1.79959, 3.2154
1.56603, 1.69673, 3.1784
1.46922, 1.61202, 3.14099
1.29865, 1.45525, 3.08108
1.12137, 1.36603, 2.96763
0.803184, 1.31118, 2.77899
0.602923, 1.30454, 2.68095
0.431261, 1.30711, 2.5376
0.247873, 1.30504, 2.52332
0.122287, 1.29663, 2.3827
0.000746456, 1.26069, 2.30632
-0.126391, 1.25009, 2.22226
-0.246469, 1.23895, 2.14106
-0.319894, 1.15884, 2.02162
-0.435634, 1.11015, 1.87271
-0.56225, 1.1291, 1.84468
-0.666918, 1.09843, 1.74933
-0.772992, 1.06122, 1.76471
-0.860368, 0.985563, 1.74385
-1.01065, 0.950553, 1.6393
-1.09617, 0.895275, 1.6571
-1.1256, 0.791232, 1.58842
-1.20838, 0.691911, 1.57129
-3.20795, -0.404252, 1.6157
-2.5653, 0.264419, 1.58684
-1.79619, 0.496963, 1.6336
-1.44611, 0.36592, 1.62524
-1.32506, 0.330001, 1.67319
-1.26702, 0.212418, 1.50071
-1.2521, 0.0664357, 1.46967
-1.20818, -0.0654535, 1.3727
-1.02463, -0.176893, 1.26548
-0.959426, -0.308127, 1.15377
-0.964682, -0.423462, 1.06968
-0.999155, -0.586922, 1.11884
-0.97056, -0.702206, 1.14966
-0.941796, -0.82642, 1.16561
-0.911114, -0.924218, 1.3051
-0.918476, -1.06866, 1.39671
-0.766826, -1.09574, 1.46943
-0.602575, -1.17974, 1.53666
-0.412935, -1.16762, 1.50263
-0.292766, -1.11566, 1.47213
-0.156945, -1.02517, 1.4988
-0.0704806, -0.94314, 1.50066
0.0422965, -0.892882, 1.50611
0.115983, -0.753039, 1.46758
0.211636, -0.659518, 1.55659
0.250474, -0.47539, 1.5085
0.295369, -0.371825, 1.49282
0.123868, -0.151228, 1.34642
0.215506, -0.0838654, 1.24453
0.356447, 0.0261413, 1.20786
0.53956, 0.157258, 1.15073
0.660282, 0.215016, 1.07608
0.739258, 0.280683, 0.876492
0.858312, 0.308892, 0.896307
0.94599, 0.385974, 0.816774
1.0701, 0.427414, 0.891295
1.16975, 0.491875, 0.987457
1.30553, 0.514463, 1.11064
1.42979, 0.550909, 1.212
1.57529, 0.58253, 1.27072
1.73391, 0.515722, 1.44727
1.8553, 0.49121, 1.70298
1.94425, 0.440984, 1.85034
2.04947, 0.424066, 1.88182
2.18798, 0.399649, 2.04854
2.30202, 0.392507, 2.12452
2.46146, 0.416496, 2.33098
2.69162, 0.375113, 2.54777
2.83449, 0.277149, 2.66839
2.99771, 0.232157, 2.844
3.15524, 0.209098, 2.897
3.29669, 0.178644, 2.97897
3.50706, 0.132215, 2.83651
3.67538, 0.11963, 2.81849
3.88649, 0.122888, 2.76467
4.0281, 0.0969043, 2.66246
4.19492, 0.102223, 2.6345
4.48342, 0.110723, 2.51492
4.61773, 0.131867, 2.44412
4.80977, 0.125916, 2.28699
4.98054, 0.171391, 2.08755
5.13216, 0.213591, 1.93717
5.21755, 0.275188, 1.75012
5.63741, 0.192496, 1.74694
5.30719, 0.415203, 1.71784
5.43111, 0.565199, 1.63162
5.52387, 0.668116, 1.55602
5.56829, 0.803362, 1.47752
5.60217, 0.93311, 1.52506
5.59602, 1.04709, 1.5477
5.95253, -0.824821, 1.58993
6.50233, 0.868337, 1.58194
6.27661, 1.10336, 1.55815
6.02017, 1.12572, 1.60638
5.71655, 1.15631, 1.55683
5.63708, 1.28142, 1.63016
5.62444, 1.41168, 1.57651
5.94744, 1.58791, 1.59644
5.76021, 1.54736, 1.55564
5.95915, 1.45814, 1.57557
5.66758, 1.62071, 1.62953
5.56532, 1.63041, 1.62941
5.47767, 1.69748, 1.69526
5.35231, 1.81005, 1.84708
5.20622, 1.91066, 1.97796
5.08064, 1.91491, 2.03628
4.98614, 2.06396, 2.14043
4.88167, 2.1103, 2.22002
4.75251, 2.13312, 2.3413
4.57422, 2.13819, 2.42766
4.34597, 2.15282, 2.57138
4.15052, 2.14543, 2.65556
3.96349, 2.13247, 2.75019
3.79959, 2.13275, 2.86162
3.605, 2.14142, 2.93763
3.52379, 2.231, 3.07519
3.38831, 2.25411, 3.16759
3.26467, 2.20023, 3.28345
3.05882, 2.15385, 3.37908
2.87631, 2.12504, 3.4799
2.67579, 2.11095, 3.57037
2.30211, 2.05955, 3.70387
2.09371, 2.00321, 3.72689
1.98827, 2.00449, 3.70507
1.71801, 1.95536, 3.58541
1.58413, 1.91894, 3.56217
1.20897, 1.73226, 3.42993
1.00997, 1.6597, 3.33388
0.779934, 1.5868, 3.15652
0.517044, 1.52252, 3.02222
0.462998, 1.37261, 2.75719
0.327916, 1.31029, 2.81006
0.21568, 1.33178, 2.75825
0.0236512, 1.37442, 2.68518
-0.19488, 1.41417, 2.5243
-0.311012, 1.47911, 2.46798
-0.40456, 1.51984, 2.391
-0.583665, 1.57751, 2.25369
-0.741231, 1.58867, 2.0464
-0.58003, 1.42318, 1.97858
-0.70958, 1.5065, 1.9403
-0.820643, 1.50119, 1.89514
-0.940892, 1.5286, 1.91189
-1.03933, 1.54783, 1.85954
-1.1679, 1.51123, 1.71634
-1.28697, 1.43156, 1.68845
-1.3803, 1.37591, 1.74531
-1.47993, 1.26067, 1.62521
-1.52103, 1.1176, 1.67783
-1.51103, 1.00522, 1.6865
-1.64013, 0.602447, 1.70749
-1.91297, 0.753719, 1.6672
-1.67594, 0.806256, 1.65468
-1.55814, 0.613343, 1.57547
-1.52776, 0.474584, 1.54512
-1.52702, 0.367563, 1.53503
-1.53507, 0.2272, 1.54033
-1.51052, 0.0818564, 1.54301
-1.41223, -0.0304806, 1.62046
-1.29688, -0.127864, 1.58445
-1.20635, -0.176052, 1.55575
-1.07364, -0.169589, 1.57954
-0.898747, -0.20897, 1.52601
0.0077526, 0.317209, 1.72078
-0.473907, -0.0865779, 1.81575
-0.660853, -0.192111, 1.74813
-0.622042, -0.0849171, 2.0097
-0.491134, 0.00953853, 2.06896
-0.363771, 0.0589944, 2.15943
-0.134749, 0.0956108, 2.31708
0.0623538, 0.138108, 2.4122
0.170064, 0.170849, 2.41831
0.331643, 0.215933, 2.53884
0.49493, 0.27241, 2.56589
0.587813, 0.312739, 2.70661
0.686798, 0.352852, 2.75916
0.926919, 0.39112, 2.7296
1.03025, 0.417753, 2.83587
1.13393, 0.440235, 2.91172
1.32736, 0.510115, 2.98465
1.43617, 0.52748, 2.98865
1.68119, 0.599123, 3.09692
1.77812, 0.644603, 3.16891
1.93271, 0.72412, 3.26694
2.10023, 0.767201, 3.33403
2.24423, 0.768542, 3.4297
2.38263, 0.733464, 3.50607
2.49368, 0.691788, 3.5847
2.63688, 0.710629, 3.6534
2.83342, 0.759886, 3.73061
2.95398, 0.764644, 3.68952
3.05316, 0.820651, 3.61711
3.27663, 0.785027, 3.52883
3.44831, 0.767274, 3.54522
3.61935, 0.678363, 3.46739
3.77007, 0.581472, 3.3906
3.85944, 0.531788, 3.36115
3.96511, 0.479037, 3.29519
4.135, 0.361428, 3.23373
4.24925, 0.35017, 3.19957
4.36737, 0.327193, 3.12132
4.50642, 0.2707, 3.03682
4.61184, 0.254224, 2.98913
4.84356, 0.206354, 2.77591
4.96754, 0.189411, 2.66458
5.39433, -0.186347, 2.56243
5.20615, 0.0928929, 2.51354
5.34548, 0.173225, 2.31546
5.48881, 0.23768, 2.07554
5.71072, 0.168199, 1.91113
5.65829, 0.383891, 1.89075
5.79957, 0.42737, 1.69745
5.83847, 0.523801, 1.65455
5.8632, 0.630764, 1.64101
5.95608, 0.699313, 1.60847
5.99765, 0.820103, 1.5823
6.04502, 0.954909, 1.55986
6.06676, 1.06216, 1.57087
6.01656, 1.21404, 1.53713
6.02444, 1.31404, 1.54326
5.987, 1.42678, 1.4721
6.46825, 1.92502, 1.43713
6.50381, 1.65753, 1.43552
6.25521, 1.57618, 1.50407
6.10314, 1.53757, 1.47131
5.71233, 1.37798, 1.46368
5.91327, 1.60282, 1.51351
5.91148, 1.74265, 1.579
5.80171, 1.76671, 1.5612
5.69838, 1.81608, 1.69059
5.60124, 1.90988, 1.75888
5.49839, 1.97129, 1.85347
5.38903, 1.99781, 2.02298
5.2835, 2.01072, 2.15143
5.1493, 2.11894, 2.31992
5.02091, 2.11705, 2.45606
4.77991, 2.11743, 2.59929
4.47661, 2.11791, 2.87201
4.17181, 2.11839, 3.04431
3.92424, 2.11877, 3.22616
3.67417, 2.11915, 3.41347
3.35825, 2.11962, 3.58087
3.10212, 2.12, 3.68873
2.77989, 2.12048, 3.47941
2102.47, 196.123, 3.41286
1155.2, 188.443, 3.36949
1.45781, 2.05306, 3.2682
1.17188, 2.37493, 3.14431
1.08354, 2.17808, 3.08077
0.956901, 1.76798, 3.01118
0.834702, 1.81125, 2.81564
0.590097, 1.81558, 2.68438
0.491619, 1.83912, 2.55459
0.35976, 1.8459, 2.36652
0.199363, 1.84881, 2.24115
0.0446911, 1.89919, 2.08522
-0.107751, 1.95903, 2.01951
-0.193519, 2.04005, 1.92968
-0.260336, 2.14554, 1.88651
-0.297563, 2.24629, 1.87119
-0.397113, 2.26815, 1.60247
-0.977756, 1.90228, 1.46951
-0.875513, 2.40213, 1.41568
-0.769622, 2.40761, 1.37787
-0.833138, 2.31495, 1.19886
-0.930982, 2.26714, 1.13118
-1.05352, 2.26738, 1.20238
-1.15117, 2.24326, 1.24482
-1.38891, 2.23385, 1.3157
-1.36854, 2.11921, 1.4977
-1.52334, 1.95723, 1.54288
-1.53107, 1.84418, 1.5575
-1.51936, 1.73957, 1.57051
-3.42265, 3.36688, 1.55539
-2.38923, 3.77384, 1.53829
-2.28298, 1.79236, 1.58326
-1.81896, 1.58293, 1.64388
-1.54277, 1.50957, 1.63906
-1.43336, 1.46576, 1.56746
-1.38903, 1.35858, 1.53783
-1.36732, 1.19502, 1.64478
-2.12166, 0.829821, 1.58422
-1.47956, 1.17714, 1.5571
-1.38681, 1.07866, 1.58327
-1.23816, 0.957167, 1.48483
-1.2117, 0.758512, 1.52736
-1.15724, 0.843006, 1.56534
-1.01762, 0.73539, 1.66112
-0.848159, 0.696998, 1.84273
-0.74155, 0.619738, 2.04837
-0.598488, 0.471516, 2.2103
-0.569866, 0.374124, 2.3385
-0.466774, 0.254766, 2.30138
-0.18595, 0.177146, 2.43536
-0.0221743, 0.1406, 2.25813
0.0806666, 0.10598, 2.22399
0.204387, 0.0347153, 2.17239
0.314644, -0.0085883, 2.12462
0.47266, -0.151405, 1.99908
0.702365, -0.197462, 1.84828
5.04305, -0.739962, 1.90821
4.2492, 0.595857, 1.93983
2.78167, -0.644235, 1.89652
1.93286, -0.292219, 1.83221
1.87172, -0.439176, 1.70244
1.67448, -0.345094, 1.69113
1.54142, -0.236933, 1.6752
1.4436, -0.099893, 1.60956
1.47816, 0.0111726, 1.55391
1.55446, 0.0865606, 1.46517
1.63028, 0.154021, 1.40911
1.77598, 0.211612, 1.2384
1.96261, 0.358681, 1.19815
2.09755, 0.409411, 1.21437
2.18753, 0.454575, 1.25821
2.29942, 0.487877, 1.51181
2.40603, 0.533526, 1.58285
2.52362, 0.553765, 1.74293
2.656, 0.536071, 1.82573
2.84156, 0.50053, 1.94582
2.96466, 0.4652, 2.04652
3.07052, 0.379645, 2.10745
3.25562, 0.278916, 2.28812
3.35281, 0.217168, 2.2426
3.53495, 0.0995364, 2.16085
3.66277, 0.0780264, 2.14615
3.80334, 0.012354, 2.10896
4.02428, -0.0177292, 2.00068
4.12153, -0.0854948, 1.93359
4.26027, -0.0687149, 1.86292
4.35584, -0.0353418, 1.78296
4.47325, -0.0600345, 1.68158
4.61921, -0.0244446, 1.62286
4.79346, 0.0184143, 1.49809
4.90261, 0.0556879, 1.49096
5.03202, 0.121846, 1.58819
5.04978, 0.277012, 1.49519
5.15677, 0.473261, 1.47554
-38.1846, -6.76561, 1.52044
-16.1933, -6.02967, 1.55171
-4.26643, -1.60114, 1.56774
2.76465, 0.944942, 1.5955
4.41495, 0.715888, 1.56721
4.85244, 0.852391, 1.62446
5.09927, 0.935149, 1.69647
5.38072, 1.02375, 1.66857
5.47499, 1.20478, 1.64266
5.41589, 1.34739, 1.68717
5.57437, 1.44804, 1.62806
5.54137, 1.58345, 1.65425
5.54057, 1.68533, 1.65329
5.59142, 1.81841, 1.58076
5.55947, 1.91856, 1.58991
5.48859, 2.00898, 1.56442
5.4346, 2.11581, 1.52802
5.3142, 2.28442, 1.51832
5.29288, 2.39211, 1.51965
5.2315, 2.49033, 1.4495
5.12071, 2.52748, 1.53466
4.98875, 2.55287, 1.54861
4.89717, 2.60481, 1.48166
4.80186, 2.655, 1.55154
4.68036, 2.72445, 1.47409
4.58346, 2.77021, 1.4802
4.44244, 2.70236, 1.62088
4.04187, 2.5539, 1.80793
4.02992, 2.44195, 1.81519
4.01537, 2.3427, 1.73845
3.90684, 2.22339, 1.63749
3.78397, 2.15546, 1.69626
3.69084, 2.06634, 1.71241
3.60665, 2.00065, 1.66406
3.48265, 1.94085, 1.71374
3.28607, 1.85789, 1.75094
3.0905, 1.79513, 1.9364
-14571.5, 458.271, 1.92736
-1756.56, -549.874, 1.898
-601.297, -259.954, 2.00799
-164.246, -1.3989, 2.06644
-101.593, 10.9012, 2.0436
-37.8346, -1.88557, 2.12294
-1.40146, 3.60484, 2.18796
2.04591, 2.18785, 2.17349
2.19745, 2.0101, 2.18295
2.2883, 1.9554, 2.22506
2.31343, 2.05658, 2.09554
2.14214, 2.10546, 2.05063
2.00778, 2.1448, 1.98753
1.89735, 2.15529, 1.90516
1.99401, 2.52428, 1.8046
2.09289, 2.22469, 1.77351
1.7585, 2.18178, 1.74561
1.62892, 2.32319, 1.56908
1.8354, 2.39023, 1.49945
1.64938, 2.4122, 1.37513
1.74931, 2.51361, 1.1652
1.63314, 2.5308, 1.00646
2.04576, 2.32363, -0.514658
1.87112, 2.13764, -0.535073
1.69479, 2.19518, -0.589419
1.65876, 2.2908, -0.62153
1.74487, 2.14095, -0.562433
1.68861, 2.02884, -0.50186
1.75361, 2.10873, -2.21198e-05
