-1.29437, 0.255045, 0
-1.18922, 0.247159, -1.60732e-30
-1.29235, 0.227969, -5.31791e-30
-1.21063, 0.293032, -7.7336e-30
-1.22842, 0.193339, -5.70057e-30
-1.2776, 0.284271, -1.74145e-30
-1.26003, 0.185489, -2.07544e-32
-1.15838, 0.150864, -1.57908e-32
-1.2468, 0.219566, -5.2931e-31
-1.26361, 0.328681, -2.48616e-33
-1.19143, 0.200406, -7.98359e-32
-1.26855, 0.119707, 0.388909
-1.2698, -0.0359154, 1.02307
-1.22446, -0.158808, 1.24409
-1.08742, -0.232334, 1.31386
-2.30142, -0.318812, 1.39235
-1.65723, -0.312763, 1.40894
-1.17945, -0.320174, 1.36457
-0.910485, -0.402066, 1.46783
-0.806571, -0.38766, 1.4823
-2.14599, 0.360675, 1.52843
-2.59895, -0.250497, 1.51533
-1.52952, -0.528185, 1.59507
-1.0604, -0.424708, 1.58208
-0.701657, -0.358339, 1.63918
-0.598815, -0.327207, 1.75315
-0.424628, -0.301312, 1.82661
-0.354726, -0.218395, 1.88176
-0.250558, -0.194081, 2.02721
-0.173162, -0.118715, 2.08431
-0.0380794, -0.0733445, 2.16628
0.0880284, -0.00880814, 2.10707
0.100311, 0.127502, 2.09722
0.258897, 0.0989096, 2.08004
0.498919, 0.17186, 2.16228
0.626922, 0.207407, 2.05348
0.759843, 0.213453, 2.17185
0.866856, 0.209645, 2.22166
0.982591, 0.207042, 2.27758
1.09469, 0.210044, 2.37484
1.22086, 0.205138, 2.43831
1.3389, 0.199742, 2.39979
1.47091, 0.183741, 2.28024
1.56823, 0.156103, 2.31226
1.6706, 0.147424, 2.4027
1.89028, 0.176934, 2.35875
1.99777, 0.163346, 2.42146
2.12238, 0.212525, 2.47646
2.26628, 0.269909, 2.51386
2.40095, 0.326204, 2.57234
2.51343, 0.343568, 2.72711
2.66906, 0.351797, 2.80948
2.86667, 0.48376, 2.91281
3.00166, 0.495775, 2.99452
3.24863, 0.463812, 2.9973
3.38591, 0.434254, 2.87375
3.52917, 0.427736, 2.8149
3.75339, 0.370696, 2.71926
3.90226, 0.32371, 2.67024
4.12995, 0.27378, 2.59197
4.29086, 0.268559, 2.50378
4.43852, 0.211099, 2.40772
4.57838, 0.184728, 2.33622
4.69045, 0.156456, 2.26023
4.82728, 0.120763, 2.13038
4.95399, 0.167939, 2.00678
5.08404, 0.216527, 1.85374
5.23279, 0.245351, 1.60318
5.34711, 0.294945, 1.49195
5.49602, 0.273227, 1.44643
5.39919, 0.510405, 1.49147
5.41194, 0.402584, 1.50993
5.47318, 0.496518, 1.48523
5.51032, 0.619371, 1.48244
5.59146, 0.720306, 1.56175
5.59676, 0.840258, 1.55831
5.72943, 1.00081, 1.58301
5.74123, 1.13651, 1.57065
5.71507, 1.23355, 1.54953
5.61436, 1.2814, 1.62751
5.59292, 1.41206, 1.68344
5.55069, 1.51231, 1.74123
5.50548, 1.60783, 1.86084
5.40905, 1.73231, 1.97327
5.28459, 1.855, 2.11533
5.1591, 1.88938, 2.32894
4.96895, 1.9701, 2.42618
4.75548, 2.03057, 2.59465
4.65348, 2.02855, 2.64007
4.39688, 2.02725, 2.72734
4.26225, 2.01094, 2.81292
4.06695, 2.02895, 2.86444
3.95039, 2.06129, 3.03596
3.72329, 2.0472, 3.1028
3.49201, 2.0503, 3.18565
3.32398, 2.10529, 3.10236
3.19507, 2.13593, 3.1963
3.08626, 2.12438, 3.16233
2.97822, 2.1104, 3.1871
2.84006, 2.08991, 3.1465
2.69904, 2.10574, 3.21381
2.53879, 2.09442, 3.16679
2.36882, 2.08721, 3.23122
2.53787, 2.08413, 3.18305
2.01496, 2.12804, 3.16943
2.04688, 1.81124, 3.12573
1.8509, 1.78819, 3.2227
1.53174, 1.65815, 3.10684
1.43093, 1.5787, 2.99527
1.17522, 1.4546, 2.89801
1.01313, 1.43842, 2.84421
0.762607, 1.41458, 2.69808
0.627804, 1.3903, 2.6282
0.512574, 1.38168, 2.53029
0.407144, 1.38638, 2.47901
0.296963, 1.43751, 2.40181
0.162848, 1.45399, 2.28971
0.0726626, 1.50769, 2.18941
-0.019684, 1.55373, 2.11744
-0.146996, 1.53807, 1.92857
-0.30189, 1.52941, 1.81678
-0.427315, 1.44842, 1.69932
-0.53391, 1.41346, 1.71156
-0.632947, 1.31367, 1.61312
-0.699368, 1.22438, 1.62933
-0.78054, 1.14447, 1.61571
-0.878727, 1.01911, 1.59506
-0.846267, 0.888435, 1.52305
-0.819975, 0.767446, 1.52838
-1.08959, 0.163589, 1.54822
-1.30373, 0.47842, 1.53688
-1.10796, 0.551944, 1.56267
-1.00562, 0.561725, 1.53833
-0.909645, 0.451156, 1.50009
-0.837044, 0.37342, 1.47511
-0.783364, 0.287323, 1.47987
-0.705632, 0.171394, 1.47446
-0.705227, 0.0179752, 1.48974
3.08168, -2.12376, 1.50319
1.34958, 0.190604, 1.47141
0.197151, 0.0504939, 1.55735
-0.324612, -0.0583682, 1.61272
-0.424705, -0.120675, 1.61222
-0.370788, -0.208265, 1.73524
-0.26405, -0.23062, 1.80791
-0.149255, -0.25684, 1.91193
0.0285457, -0.262338, 2.07533
0.143088, -0.228018, 2.14894
0.276751, -0.250726, 2.23461
0.420624, -0.241522, 2.34098
0.60608, -0.246646, 2.5019
0.833301, -0.273589, 2.59568
0.993712, -0.284318, 2.69412
1.11549, -0.283642, 2.76647
1.20188, -0.348741, 2.76626
1.32863, -0.36453, 2.84933
1.45629, -0.345653, 2.94547
1.56906, -0.338512, 3.02864
1.69998, -0.341486, 2.99502
1.82417, -0.312501, 3.08216
1.97145, -0.270977, 3.08216
2.11664, -0.255467, 3.16186
2.36213, -0.216351, 3.18657
2.25799, -0.203462, 3.14194
2.73109, -2.23951, 3.10507
2.36482, -0.179375, 3.07856
2.33612, -0.0648396, 2.95034
2.37424, -0.220178, 2.80579
2.46957, -0.16932, 2.62343
2.25838, -0.201838, 2.59248
2.38975, -0.0218596, 2.55145
2.589, 0.0266833, 2.52645
2.65925, 0.226864, 2.46733
2.76738, 0.222438, 2.41446
2.90908, 0.17356, 2.32346
3.09107, 0.143018, 2.25748
3.30856, 0.118882, 2.20993
3.5666, 0.120666, 2.23631
3.68392, 0.0862809, 2.24919
3.85193, 0.0752925, 2.10134
3.9913, 0.0418575, 1.97793
4.1742, 0.0427254, 1.96503
4.29994, 0.111802, 1.90312
4.44689, 0.113127, 1.83791
4.57257, 0.133969, 1.78211
4.75282, 0.165517, 1.67996
4.87033, 0.177529, 1.64156
5.01585, 0.204144, 1.54325
5.14032, 0.260968, 1.46192
5.21246, 0.450214, 1.37858
0.272606, -0.618851, 1.45537
-0.821375, -1.15604, 1.44643
1.63644, -0.0698637, 1.43978
3.00031, 0.0826648, 1.40126
4.92022, 0.661308, 1.43778
5.12879, 0.683816, 1.35608
5.22218, 0.750763, 1.4021
5.37686, 0.748804, 1.43527
5.36684, 0.903292, 1.44733
5.34764, 1.05882, 1.53518
5.2868, 1.25953, 1.51179
5.3256, 1.39708, 1.52747
5.22785, 1.42738, 1.56301
5.17773, 1.5545, 1.5564
5.12729, 1.68982, 1.67879
5.1555, 1.86176, 1.72343
4.9184, 1.88875, 1.69912
4.81223, 1.90551, 1.64093
4.70404, 1.96018, 1.784
4.58606, 1.99543, 1.83887
4.96329, 2.17645, 1.75252
4.51937, 2.17249, 1.693
4.47388, 1.95661, 1.67382
4.36813, 1.97233, 1.67441
4.21862, 1.95951, 1.65355
4.11681, 1.97469, 1.50981
3.97299, 1.98759, 1.44378
3.77616, 2.00667, 1.27759
3.67916, 2.05327, 0.222453
3.57517, 2.06174, 0.990502
3.47936, 2.12342, 1.07101
3.37338, 2.16449, 0.982242
3.25657, 2.15605, 0.824018
3.15487, 2.19319, 0.54517
3.19458, 2.29494, -2.45844e-05
3.17418, 2.18973, -0.000179921
3.23699, 2.2726, -2.40464e-08
3.16928, 2.18809, -2.11806e-08
3.09407, 2.25465, 0.67592
2.97986, 2.27819, 1.12534
2.85498, 2.25135, 1.38414
2.70652, 2.15016, 1.30321
2.59593, 2.1384, 1.32326
2.46612, 2.03148, 1.36909
2.366, 2.00617, 1.45971
2.2176, 1.97738, 1.61013
2.05723, 1.88687, 1.81306
1.94734, 1.85635, 1.88133
2.28205, 1.26155, 1.8305
2.05128, 1.60382, 1.81492
1.77691, 1.56073, 1.7923
1.48315, 1.53925, 1.91933
1.34418, 1.51568, 1.86035
1.24018, 1.47317, 1.75936
1.10408, 1.43803, 1.70743
0.977668, 1.41607, 1.62758
0.872946, 1.42276, 1.53565
0.765914, 1.49991, 1.41555
0.665711, 1.59212, 1.30335
0.539135, 1.69721, 1.21202
0.434772, 1.77806, 1.25095
0.310769, 1.80503, 1.29502
0.210903, 1.86682, 1.36426
0.1237, 1.92192, 1.455
0.00438712, 1.88255, 1.56419
-0.374442, 1.97589, 1.63979
-0.217639, 1.7925, 1.69053
-0.277925, 1.70092, 1.63434
-0.312391, 1.60631, 1.70275
-0.384543, 1.52833, 1.72918
-0.4416, 1.41717, 1.76293
-0.722471, 1.1887, 1.8301
-0.726682, 1.29008, 1.80358
-0.602026, 1.29846, 1.86376
-0.596533, 1.16981, 1.69066
-0.576225, 1.0141, 1.66209
-0.615743, 0.865022, 1.69264
-0.594451, 0.709721, 1.6856
-0.573637, 0.607948, 1.58615
-0.535449, 0.508145, 1.63591
-0.424059, 0.359127, 1.62144
-0.428411, 0.229982, 1.6929
-0.472906, -0.446603, 1.77524
-0.819719, -0.0634618, 1.74472
-0.402546, 0.0592768, 1.64694
-0.297163, 0.0339826, 1.75198
-0.0277947, -0.00618278, 1.76956
0.11327, -0.0368409, 1.84315
0.304316, -0.0318666, 1.87902
0.423572, -0.0387081, 1.69848
0.569581, -0.0420454, 1.64241
0.701638, -0.0528039, 1.5184
0.832531, -0.0644256, 1.41085
0.948667, -0.0580351, 1.38295
1.09853, -0.0288611, 1.33939
1.21659, -0.00266625, 1.37645
1.31558, 0.0343751, 1.44779
1.50637, 0.0794348, 1.49399
1.63039, 0.139403, 1.4462
1.75464, 0.13865, 1.39762
1.86819, 0.168647, 1.25372
1.96572, 0.231795, 1.10717
2.06589, 0.282921, 0.873
2.13774, 0.357883, 0.190755
2.20331, 0.44015, 0.795481
2.39094, 0.455248, 1.28401
2.5242, 0.44276, 1.50717
2.77001, 0.53617, 1.7055
2.84851, 0.449431, 1.78876
2.97231, 0.416996, 1.98377
3.08645, 0.408596, 2.07795
3.2169, 0.340172, 2.20914
3.30488, 0.285183, 2.32032
3.41149, 0.235372, 2.42122
3.51559, 0.179513, 2.26033
3.6406, 0.144111, 2.27408
3.83325, 0.0998442, 2.26007
3.97588, 0.0477015, 2.23698
4.09707, 0.00237465, 2.17172
4.3058, 0.0682382, 2.09482
4.42191, 0.0206628, 2.02492
4.61312, -0.0742548, 1.90721
4.70548, -0.112711, 1.79835
4.87073, -0.105618, 1.71045
5.01141, -0.106369, 1.59529
5.12722, -0.140667, 1.49631
5.22381, -0.211407, 1.32719
5.31643, -0.254998, 1.29796
5.48064, -0.541966, 1.31071
5.48775, -0.317168, 1.28841
5.64538, -0.314304, 1.29411
5.7405, -0.269932, 1.34911
5.54152, -0.319778, 1.31562
5.65344, -0.276615, 1.36664
5.74536, -0.22927, 1.31842
5.82434, -0.132129, 1.31204
5.90359, 0.0165949, 1.4041
5.88628, 0.214205, 1.39998
5.94132, 0.343813, 1.40164
5.96817, 0.470931, 1.49802
5.949, 0.599648, 1.53828
5.92446, 0.729231, 1.61256
5.90868, 0.88702, 1.71577
5.40111, 1.33694, 1.71586
5.79962, 1.12548, 1.82919
5.82015, 1.24203, 1.99978
5.6919, 1.3298, 2.07643
5.62274, 1.40617, 2.15014
5.64672, 1.5172, 2.17893
5.42469, 1.53528, 2.14819
5.35726, 1.62364, 2.30213
5.22165, 1.65373, 2.42874
5.07528, 1.72913, 2.51337
4.87739, 1.81685, 2.61781
4.69165, 1.84099, 2.68339
4.52005, 1.86188, 2.75887
4.35879, 1.90431, 2.82433
4.13181, 1.94737, 2.82627
4.02983, 2.00567, 2.73445
3.87835, 2.04918, 2.7009
3.73887, 2.06629, 2.63821
3.63224, 2.08734, 2.57392
3.51778, 2.12719, 2.51359
3.37289, 2.17585, 2.3656
3.20909, 2.21706, 2.40306
3.0263, 2.2194, 2.33677
2.87447, 2.14605, 2.4902
2.73226, 2.11725, 2.56208
2.61645, 2.15506, 2.67234
2.50241, 2.1356, 2.76029
2.38189, 2.06412, 2.86112
2.29065, 2.18545, 2.94765
2.20694, 2.09768, 2.92115
2.10447, 1.9054, 2.8522
2.0083, 1.78923, 2.80208
1.9273, 1.69903, 2.74393
1.89733, 1.4299, 2.71563
1.56345, 1.67889, 2.64907
1.43553, 1.47859, 2.56972
1.31703, 1.44331, 2.52407
1.06956, 1.34838, 2.33277
0.892001, 1.30725, 2.17282
0.719003, 1.24291, 2.06534
0.603269, 1.23968, 1.9592
0.496363, 1.25372, 1.8762
0.396495, 1.27679, 1.8249
0.2556, 1.3512, 1.73562
0.18823, 1.45997, 1.72885
0.104668, 1.51854, 1.75886
0.00572491, 1.59788, 1.76325
-0.122184, 1.81599, 1.7601
-0.2339, 1.78501, 1.75255
-0.336022, 1.71, 1.61155
-0.417391, 1.63008, 1.57847
-0.525878, 1.5823, 1.52954
-0.669816, 1.54846, 1.49093
-0.769911, 1.49556, 1.46859
-0.79632, 1.25286, 1.44681
-0.946261, 1.31452, 1.47061
-1.01989, 1.23618, 1.51007
-2.38112, 2.06136, 1.47224
-1.14322, 1.17247, 1.46454
-1.06458, 1.06137, 1.51801
-0.951763, 0.972165, 1.47381
-0.968372, 0.871641, 1.51817
-0.929629, 0.770899, 1.56374
-0.815173, 0.305336, 1.55672
-0.794396, 0.497242, 1.56706
-0.920932, 0.555666, 1.57504
-0.885175, 0.401803, 1.53199
-0.872196, 0.281499, 1.53625
-0.769423, 0.17255, 1.54382
-0.495931, 0.0481112, 1.67809
-0.631871, 0.0373711, 1.69514
-0.321865, -0.801375, 1.82054
-0.443845, -0.106352, 1.86478
-0.344138, -0.064828, 1.82838
-0.246106, -0.0340986, 1.99819
-0.142242, -0.0638153, 2.09766
-0.00597645, -0.0490661, 2.16408
0.219742, -0.0480399, 2.33325
0.36779, -0.0592871, 2.4137
0.479749, -0.0364686, 2.54349
0.599944, -0.0318796, 2.63583
0.732602, -0.00210759, 2.75857
0.862465, -0.0138271, 2.84731
0.97471, -0.0918636, 2.92774
1.11548, -0.0725685, 2.88185
1.26507, -0.0488666, 3.02253
1.45146, -0.0257234, 3.05878
1.65109, 0.031977, 3.00446
1.81036, 0.0602924, 2.95492
1.97869, 0.136248, 3.04617
2.13832, 0.216984, 3.12125
2.34993, 0.304787, 3.16598
2.56006, 0.421485, 3.1082
2.71583, 0.436811, 3.14108
2.89576, 0.401518, 3.21927
3.05821, 0.381077, 3.21554
3.23244, 0.370278, 3.02289
3.36731, 0.34486, 2.96444
3.59237, 0.285517, 2.89868
3.7543, 0.237545, 2.81429
3.85724, 0.257804, 2.73089
3.98269, 0.249785, 2.6367
4.16307, 0.20461, 2.61017
4.34939, 0.168268, 2.47556
4.45816, 0.127278, 2.43528
4.58681, 0.111599, 2.36811
4.73497, 0.112096, 2.2412
4.8496, 0.128539, 2.16324
4.95452, 0.116389, 2.08339
5.0835, 0.115504, 1.88333
5.18464, 0.123994, 1.79565
5.29201, 0.209025, 1.65258
5.3786, 0.279874, 1.49637
5.4621, 0.155283, 1.43843
5.51334, 0.380256, 1.3639
5.44202, 0.484537, 1.2438
5.50676, 0.567143, 1.13993
5.53861, 0.696766, 0.751753
5.60266, 0.773832, -0.000167981
5.65852, 0.680117, -0.000646397
5.56485, 0.749739, -4.90826e-05
5.65623, 0.674883, -0.000538623
5.66436, 0.784666, -1.25597e-05
5.62619, 0.682403, -6.40921e-06
5.57467, 0.784115, -3.41806e-06
5.64014, 0.701346, -2.40196e-06
5.5875, 0.789564, -3.42785e-05
5.67046, 0.725111, -8.33543e-06
5.56426, 0.722039, -1.39716e-07
5.63522, 0.798257, -3.91031e-08
5.61634, 0.692064, -1.05348e-06
5.61225, 0.797909, -1.01305e-08
5.67483, 0.703266, -8.52793e-09
5.57676, 0.743863, -6.28168e-09
5.65568, 0.678579, -9.04552e-13
5.59835, 0.774811, -3.18544e-09
5.64973, 0.686604, -1.24791e-09
5.56382, 0.740245, -1.61312e-08
5.67034, 0.712873, -1.24407e-10
5.72001, 0.853473, 1.11419
5.79307, 0.926733, 1.33832
5.80867, 1.05218, 1.45439
5.7354, 1.1397, 1.43225
5.79635, 1.29391, 1.40243
5.75225, 1.44351, 1.48507
5.74373, 1.5695, 1.49992
5.67202, 1.65276, 1.46433
5.64265, 1.76636, 1.5164
5.50492, 1.82066, 1.63544
5.36163, 1.89579, 1.79785
5.19371, 1.99708, 1.98414
5.06895, 2.00543, 2.17839
4.94504, 2.03305, 2.27162
4.82518, 2.08095, 2.36845
4.71643, 2.12723, 2.3612
4.5419, 2.11973, 2.55669
4.39647, 2.14765, 2.55576
4.29027, 2.12128, 2.63669
3.99896, 2.1224, 2.77137
3.83258, 2.1464, 2.89902
3.61005, 2.14169, 3.00584
3.46022, 2.18258, 3.09459
3.3312, 2.20572, 3.16711
3.17628, 2.23097, 3.20565
3.00755, 2.22951, 3.15479
2.84499, 2.1877, 3.19454
2.74, 2.1797, 3.14744
2.56426, 2.17381, 3.21318
2.43627, 2.16525, 3.24
2.25836, 2.10967, 3.16792
2.1177, 2.04747, 3.22949
2.09848, 1.94626, 3.1684
1.93978, 1.95814, 3.01256
1.76595, 1.76724, 2.939
1.48667, 1.40452, 2.89396
1.22142, 1.46334, 2.78753
1.09499, 1.42676, 2.74262
0.906081, 1.4171, 2.65467
0.80575, 1.43051, 2.5679
0.671197, 1.44134, 2.49314
0.559016, 1.45814, 2.39282
0.390118, 1.45547, 2.3005
0.285132, 1.50522, 2.22663
0.104791, 1.50173, 2.12394
-0.0116516, 1.53975, 1.96226
-0.184796, 1.5195, 1.87312
-0.348067, 1.49843, 1.82477
-0.465845, 1.4471, 1.75024
-0.562661, 1.29874, 1.62324
-0.658494, 1.21111, 1.6194
-1.4122, 0.272395, 1.58648
-1.72124, 0.63728, 1.57264
-1.54541, 0.958276, 1.60399
-1.22352, 1.02677, 1.58854
-1.02612, 1.00178, 1.5373
-0.885551, 0.991305, 1.59867
-0.80666, 0.872741, 1.5806
-1.22129, 0.490859, 1.6772
-1.77665, 0.673545, 1.67121
-1.12957, 0.659899, 1.72076
-0.93211, 0.586214, 1.64012
-0.856718, 0.485854, 1.62897
-0.815659, 0.38638, 1.63481
-0.188354, 1.31241, 1.66206
-0.880589, 0.659617, 1.66348
-0.793389, 0.0990748, 1.61283
-0.730642, 0.016383, 1.66975
-0.65307, -0.0525408, 1.62214
-0.547072, -0.184489, 1.69181
-0.452787, -0.269027, 1.73869
-0.276918, -0.285689, 1.822
-0.141239, -0.259795, 1.87252
0.00898825, -0.29755, 1.91353
0.115175, -0.329562, 1.9947
0.252272, -0.347746, 2.06577
0.407815, -0.265856, 2.24631
0.51714, -0.231908, 2.33213
0.67217, -0.208501, 2.42234
0.826484, -0.139452, 2.49898
0.989719, -0.107984, 2.63702
1.14985, -0.0169138, 2.71939
1.28723, 0.0271336, 2.82114
1.43941, 0.0776708, 2.89514
1.53741, 0.109573, 3.01521
1.73374, 0.174556, 3.01313
1.82327, 0.224422, 3.00858
2.06229, 0.356964, 3.08749
2.2087, 0.423357, 3.1025
2.32446, 0.436799, 3.15492
2.42768, 0.503323, 3.14606
2.62631, 0.572223, 3.15912
2.76268, 0.594694, 3.1094
2.51985, 0.603917, 3.19381
2.46146, 0.728637, 3.16757
2.68427, 0.704476, 3.16131
2.89214, 0.599528, 3.12094
3.20098, 0.505029, 3.17422
3.3139, 0.466407, 3.16657
3.41733, 0.435609, 3.06362
3.60498, 0.372422, 2.95355
3.7681, 0.309095, 2.91847
3.99185, 0.228864, 2.86547
4.15159, 0.172126, 2.82043
4.33369, 0.139062, 2.73926
4.49874, 0.114312, 2.67377
4.66491, 0.0514141, 2.55912
4.80176, 0.0448809, 2.42638
4.96279, 0.0208017, 2.33301
5.05929, 0.0496844, 2.20003
5.16764, 0.039618, 2.08061
5.33329, 0.00944945, 1.92518
5.46189, 0.0782048, 1.72617
5.56011, 0.204252, 1.6106
6.73376, 1.5672, 1.64546
6.20442, 0.371308, 1.62375
6.01152, 0.352985, 1.64142
5.89422, 0.37352, 1.65737
5.78571, 0.446939, 1.64446
5.7103, 0.552901, 1.58908
5.76677, 0.701365, 1.61353
7.25013, 1.10358, 1.53228
6.66611, 0.95252, 1.49929
6.20134, 0.872618, 1.55589
6.08036, 0.87666, 1.54406
5.9112, 0.946862, 1.53184
5.78605, 0.995706, 1.53025
5.73843, 1.15893, 1.53197
5.70301, 1.31357, 1.59442
5.66668, 1.41035, 1.78128
5.59503, 1.49574, 1.91378
5.53716, 1.58383, 1.95975
5.42864, 1.61793, 1.85678
5.32646, 1.67414, 1.83899
5.14951, 1.69481, 1.75319
5.02114, 1.76591, 1.634
4.83827, 1.85025, 1.53982
4.71234, 1.85124, 1.47897
4.62084, 1.93743, 1.4107
4.46805, 1.99714, 1.37377
4.29909, 2.08428, 1.31
4.2772, 2.18699, 1.31784
4.24683, 2.29449, 1.4305
4.15899, 2.38747, 1.52044
4.07177, 2.44978, 1.48192
3.92549, 2.49553, 1.52018
3.83544, 2.57793, 1.50171
3.72138, 2.59961, 1.52721
3.62744, 2.67316, 1.51832
4.73355, 2.11853, 1.55353
4.46234, 2.66256, 1.54356
3.52654, 2.65698, 1.54141
3.39856, 2.6393, 1.61768
3.31141, 2.54497, 1.68106
3.27479, 2.42529, 1.68358
3.18479, 2.49392, 1.63701
3.08362, 2.39717, 1.83609
2.95254, 2.25022, 1.78096
2.83517, 2.14744, 1.88019
2.75823, 2.04656, 1.83194
2.65841, 1.92131, 1.74423
2.48341, 1.81109, 1.66362
2.23504, 1.74694, 1.46544
2.1341, 1.71976, 1.04246
2.24623, 1.74767, -1.1301
2.2876, 1.8481, -1.16616
2.36498, 1.92119, -1.16151
2.54804, 2.0221, -1.14451
2.43596, 1.9727, -1.13903
2.53492, 2.11091, -1.12576
2.64374, 2.19789, -1.12324
2.79337, 2.33915, -1.07315
2.86307, 2.49231, -1.03315
2.88741, 2.60244, -0.997517
2.92799, 2.72532, -0.961819
3.0329, 2.75802, -0.91783
3.13176, 2.83656, -0.852988
3.02767, 2.7893, -0.819341
3.15824, 2.87404, -0.802529
3.17307, 2.7696, 5.06757e-05
3.09678, 2.69902, 0.820465
3.00693, 2.60453, 1.00604
2.91367, 2.55926, 0.972294
2.94028, 2.46245, 0.918497
2.9066, 2.36216, 0.607222
2.80232, 2.24973, 0.819373
2.73462, 2.17353, 0.741
2.57638, 2.04112, 0.796793
2.4334, 1.96842, 0.627677
2.35851, 1.88452, 0.238427
1.99566, 0.832873, 0.0917596
2.26357, 1.79805, -3.15816e-05
2.16255, 1.76735, -0.00134035
2.05469, 1.70854, -0.255888
2.07435, 1.81251, -0.373862
2.17436, 1.86942, -0.771071
2.28144, 1.89928, -1.11061
2.55591, 1.87835, -1.10212
2.68556, 1.91626, -1.05268
2.78376, 1.99514, -1.05391
2.92911, 2.05414, -0.989258
3.00638, 2.13659, -0.875463
3.10544, 2.2282, -0.644261
3.20828, 2.23437, -0.396304
3.09068, 2.24184, 1.32509
2.98724, 2.21147, 1.63298
2.87512, 2.15532, 1.87234
2.76442, 2.18067, 2.11239
2.65453, 2.13629, 2.19687
2.54076, 2.10586, 2.35953
2.44008, 2.05833, 2.32483
2.29043, 1.99556, 2.51719
2.38529, 2.08394, 2.59526
2.08976, 2.04504, 2.63447
2.00052, 1.91319, 2.67587
1.84591, 1.74429, 2.46998
1.76145, 1.67595, 2.44672
1.47029, 1.5628, 2.39639
-0.691421, 4.55078, 2.36847
1.37734, 1.70642, 2.34153
1.24065, 1.41791, 2.24323
1.11778, 1.21401, 2.21517
0.94012, 1.02561, 2.19398
0.81714, 1.32088, 2.17569
0.64059, 1.38546, 2.08469
0.475243, 1.47641, 1.97378
0.335719, 1.55599, 1.83335
0.166129, 1.6132, 1.7543
-0.0305471, 1.59878, 1.78361
-0.0909431, 1.69623, 1.67924
-0.237241, 1.6493, 1.65519
-0.349852, 1.63079, 1.54399
-0.470236, 1.53485, 1.56099
-0.604017, 1.45442, 1.61828
-0.712327, 1.33323, 1.61985
-0.814562, 1.22946, 1.63739
-8.78256, -0.269518, 1.62608
-4.36304, 1.33367, 1.61413
-2.01763, 1.01138, 1.66647
-1.14827, 0.980791, 1.7018
-1.00823, 0.962032, 1.6984
-0.80022, 0.850738, 1.51834
-0.759034, 0.674377, 1.56072
-0.755386, 0.555789, 1.54558
0.133056, 0.654508, 1.5481
-0.0166259, 0.443562, 1.53481
-0.196884, 0.334706, 1.57998
-0.490677, 0.349599, 1.64418
-0.648476, 0.258864, 1.63137
-0.642381, 0.143468, 1.76966
-0.531317, -0.0496997, 1.82482
-0.383979, -0.107347, 1.91068
-0.195919, -0.139029, 2.0023
-0.07136, -0.174309, 2.0921
0.06788, -0.196468, 2.1184
0.188888, -0.239295, 2.26934
0.328272, -0.236964, 2.29777
0.482781, -0.224099, 2.43803
0.672535, -0.194403, 2.49357
0.791884, -0.134712, 2.5584
0.898457, -0.182556, 2.64718
1.00726, -0.137243, 2.72045
1.20762, -0.0819253, 2.80999
1.33905, -0.00731377, 2.8933
1.4622, 0.0933973, 2.96504
1.57254, 0.1456, 3.04035
1.72967, 0.222393, 3.12655
1.91164, 0.282259, 3.10534
2.03369, 0.339792, 3.15555
2.23243, 0.408133, 3.22234
2.36234, 0.441393, 3.17357
2.48307, 0.474829, 3.25403
2.59278, 0.509673, 3.19707
2.72888, 0.548635, 3.10102
2.88645, 0.583563, 3.26813
2.99242, 0.560591, 3.28289
3.10711, 0.553185, 3.17521
3.36771, 0.635942, 3.10048
3.52315, 0.600672, 3.01185
3.68148, 0.528525, 2.95622
3.9457, 0.417811, 2.88771
4.10552, 0.34131, 2.78136
4.34005, 0.235661, 2.67417
4.22908, 0.0334651, 2.52404
4.58089, 0.140282, 2.44594
4.71479, 0.143594, 2.36039
4.88783, 0.154287, 2.2933
5.00768, 0.13461, 2.20881
5.15841, 0.129043, 2.05444
5.28349, 0.14875, 1.90898
5.39078, 0.186173, 1.69987
5.49806, 0.322999, 1.64697
5.58855, 0.395826, 1.57633
5.65573, 0.511288, 1.56146
5.7566, 0.644986, 1.57991
5.76309, 0.780248, 1.60573
5.78223, 0.933851, 1.56212
5.78525, 1.05663, 1.5802
5.77841, 1.18322, 1.56834
6.04944, 1.61043, 1.5259
6.22266, 1.32271, 1.507
6.01702, 1.31894, 1.49146
5.8887, 1.3148, 1.57037
5.74802, 1.39483, 1.52853
5.66852, 1.5159, 1.61847
5.61724, 1.63469, 1.77536
5.48481, 1.64769, 1.96068
5.38243, 1.72746, 2.03614
5.28252, 1.87586, 2.08847
5.17059, 1.81289, 2.16779
5.07797, 1.88251, 2.19011
4.9888, 1.96857, 2.40027
4.86453, 2.05923, 2.26105
4.6713, 2.13406, 2.25773
4.54371, 2.08587, 2.24976
4.42222, 2.13953, 2.22516
4.27024, 2.10912, 2.15132
4.06409, 2.11611, 2.01239
3.90512, 2.15116, 1.86751
3.7864, 2.17781, 1.79462
3.71595, 2.27431, 1.80558
3.61169, 2.39088, 1.71225
3.56454, 2.51016, 1.72514
3.4292, 2.61926, 1.65274
3.29102, 2.70629, 1.57357
3.19948, 2.77802, 1.63375
3.05356, 2.77818, 1.55536
10.5386, 7.10952, 1.65143
5.51708, 1.27368, 1.63627
3.4131, 3.06685, 1.62126
2.97008, 2.81086, 1.67725
2.84986, 2.78484, 1.59376
2.70823, 2.73081, 1.66895
2.53049, 2.64628, 1.67786
2.39874, 2.6355, 1.66484
2.17593, 2.55391, 1.70416
2.03845, 2.4873, 1.7856
1.9935, 2.37483, 1.8495
1.98923, 2.26318, 1.74256
2.16866, 1.99256, 1.65914
1.87167, 2.27047, 1.63057
1.54687, 1.87714, 1.57915
1.38966, 1.75311, 1.48496
1.31024, 1.65928, 1.4371
1.24504, 1.55215, 1.33074
1.22873, 1.42057, 1.19204
1.23664, 1.27907, 1.15901
1.26592, 1.40634, 1.11858
0.786528, 1.02896, 0.974894
0.15557, 1.23307, 0.968307
0.873157, 1.26524, 0.951864
0.986118, 1.25518, 0.947594
1.10382, 1.25281, 0.976312
0.99825, 1.23383, 1.01723
0.863039, 1.28531, 1.00819
0.744245, 1.31936, 0.964487
0.635095, 1.30503, 0.893675
0.529649, 1.29594, 0.847742
0.415891, 1.25641, 0.862074
0.303936, 1.20633, 1.10387
0.2022, 1.21575, 1.28799
0.0949027, 1.30948, 1.41964
-0.0171661, 1.43916, 1.50958
-0.10148, 1.55514, 1.46388
-0.193171, 1.61367, 1.51011
-0.349872, 1.60478, 1.54772
-1.30626, 1.72065, 1.53912
-0.991114, 1.79445, 1.51649
-0.838914, 1.75731, 1.4858
-0.785952, 1.66039, 1.4735
-0.7103, 1.58351, 1.46202
-0.709892, 1.45832, 1.44448
-1.20984, 1.42064, 1.55328
-1.10846, 1.48974, 1.51569
-1.64134, 1.33546, 1.58063
-1.94973, 1.28255, 1.54784
-1.58334, 1.33906, 1.53521
-1.25047, 1.28622, 1.57639
-1.08316, 1.20819, 1.64561
-1.08178, 1.08111, 1.57546
-0.994879, 0.908826, 1.51608
-0.978127, 0.793847, 1.55753
-0.87849, 0.696802, 1.56666
-0.922112, 0.597396, 1.60283
-0.890913, 0.497966, 1.6472
-0.829499, 0.409582, 1.61705
-0.748857, 0.311255, 1.57427
-0.691118, 0.154043, 1.6933
-0.714964, 0.0480003, 1.80289
-0.592272, -0.0444754, 1.84635
-0.488889, -0.0582072, 1.91395
-0.349785, -0.086003, 1.96589
-0.144462, -0.137635, 2.15667
-0.0197731, -0.0870189, 2.26321
0.131224, -0.0873913, 2.35966
0.267676, -0.0945556, 2.4326
0.425293, -0.103965, 2.56475
0.558556, -0.0813286, 2.64576
0.786325, -0.0423686, 2.75977
0.934208, -0.0394967, 2.91791
1.08881, -0.0105441, 2.96981
1.33914, 0.0457166, 2.99889
1.49968, 0.0996724, 3.07464
1.77008, 0.190602, 3.10769
2.02417, 0.245411, 3.15045
2.19766, 0.319112, 3.1228
2.34364, 0.365226, 3.12629
2.52466, 0.457295, 3.16945
2.6535, 0.460901, 3.13928
2.83259, 0.481991, 3.17503
3.01024, 0.454561, 3.13325
3.27268, 0.385811, 2.97119
3.43179, 0.348154, 2.88502
3.58439, 0.293588, 2.84276
3.76185, 0.294134, 2.76053
3.92187, 0.252667, 2.70951
4.08127, 0.178677, 2.64971
4.17871, 0.130896, 2.58567
4.4105, 0.0727645, 2.48977
4.49949, -0.000107082, 2.42562
4.65147, 0.122097, 2.28335
4.72871, -0.00924515, 2.23737
4.91903, -0.0172697, 2.1206
5.04779, 0.00691033, 2.04315
5.16845, 0.0659861, 1.89662
5.32001, 0.0894839, 1.73613
5.41737, 0.115845, 1.6312
5.46117, 0.237761, 1.54684
5.52051, 0.326974, 1.56624
5.48424, 0.512791, 1.53183
6.90958, 0.511964, 1.48719
5.77633, 0.799281, 1.44615
5.70376, 0.702364, 1.51554
5.6872, 0.828704, 1.58695
5.65815, 0.94746, 1.58816
5.65671, 1.07901, 1.52839
5.6924, 1.19985, 1.48554
5.55257, 1.55548, 1.52311
5.61379, 1.25315, 1.50297
5.66254, 1.46901, 1.60479
5.5706, 1.38007, 1.60956
5.52039, 1.5248, 1.66935
5.40867, 1.59223, 1.82943
5.55939, 1.87549, 1.92455
5.25307, 1.81744, 1.99217
5.15872, 1.90221, 2.01342
5.03316, 1.93032, 2.1561
4.93456, 1.98446, 2.14733
4.79135, 2.03, 2.13897
4.6464, 2.03935, 2.11864
4.48042, 2.06554, 2.13961
4.3215, 2.06068, 2.23621
4.13387, 2.02389, 2.33624
3.95451, 2.06175, 2.33505
3.86853, 2.11623, 2.04735
3.71808, 2.15243, 1.78519
3.63071, 2.24851, 1.60518
3.27281, 2.3673, 1.64918
3.32338, 2.23118, 1.71478
3.22634, 2.31379, 1.69366
3.33233, 2.17962, 1.53451
3.12008, 2.40562, 1.37522
3.0236, 2.32863, 1.21717
2.91695, 2.29051, 1.03764
2.83775, 2.22433, 0.894156
2.71487, 2.20054, 0.479452
2.58427, 2.21464, -0.000152747
2.48048, 2.20249, -0.000103921
2.57294, 2.2437, -0.508363
2.66986, 2.20268, -0.466392
2.78062, 2.24448, -0.352513
2.86673, 2.30176, -4.97312e-05
2.88714, 2.40244, -0.344373
2.94887, 2.50939, -7.40605e-09
3.02958, 2.57347, -0.336395
2.89341, 2.504, 1.26592
2.80197, 2.4171, 1.44877
2.72118, 2.3495, 1.52639
2.61281, 2.3097, 1.74629
2.52271, 2.24136, 1.87883
2.42183, 2.20499, 1.97101
2.31622, 2.17426, 2.06281
2.23143, 2.11, 2.14917
2.11628, 1.95104, 2.27284
1.9639, 1.95348, 2.3722
1.70803, 1.74022, 2.28014
1.50763, 1.58564, 2.19299
1.37783, 1.50143, 2.15127
1.28216, 1.41471, 2.10677
1.11513, 1.34815, 2.02203
1.00581, 1.3094, 1.93406
0.876325, 1.26071, 1.79363
0.750453, 1.23398, 1.70242
0.623681, 1.20413, 1.50071
0.498748, 1.3078, 1.37874
0.394485, 1.3244, 1.345
0.28676, 1.41397, 1.39178
0.167715, 1.57718, 1.42232
0.0620869, 1.62764, 1.50428
-0.0553498, 1.74463, 1.55144
-0.196589, 1.80901, 1.5731
-0.320392, 1.87057, 1.60989
-0.433338, 1.85196, 1.57654
-0.560492, 1.81644, 1.55422
-0.661614, 1.78062, 1.52951
-0.735445, 1.69991, 1.54253
-0.827012, 1.61475, 1.49125
-0.973725, 1.51103, 1.47935
-1.04239, 1.40929, 1.48049
-1.06798, 1.29425, 1.48793
-0.960956, 1.20121, 1.54093
-0.967838, 1.08787, 1.5036
-0.946146, 0.98572, 1.52724
-0.901941, 0.850292, 1.51914
-0.887341, 0.716661, 1.52685
-0.875578, 0.565353, 1.65172
-0.760256, 0.410551, 1.8029
-0.682855, 0.341837, 1.84303
-0.710753, 0.220712, 2.02942
-0.624613, 0.147827, 2.1224
-0.476161, 0.0726167, 2.21272
-0.298811, 0.0653824, 2.26847
-0.188536, 0.0707077, 2.36633
-0.0354515, 0.0319654, 2.44268
0.205754, 0.015183, 2.63401
0.344882, 0.0136454, 2.72206
0.51261, -0.00830626, 2.79208
0.646518, -0.00482374, 2.71862
0.793756, 0.0039295, 2.63279
0.928766, 0.00876756, 2.60062
1.0556, 0.000740391, 2.56529
1.1897, 0.00403164, 2.51839
1.33313, 0.00148888, 2.43256
1.48262, -0.0139981, 2.31114
1.62199, -0.0138878, 2.21571
1.77675, -0.0390714, 2.05873
1.92745, -0.0634795, 1.96839
2.06448, -0.0939898, 1.82385
2.17364, -0.0397558, 1.67736
2.31326, -0.0514588, 0.540171
2.08289, 0.203416, -3.81105e-08
2.32142, 0.316062, -0.000132881
2.41913, 0.288999, -0.000116031
2.3118, 0.291102, -1.15833
2.19388, 0.244083, -1.0255
2.08829, 0.206561, -0.934442
1.97357, 0.17898, -0.730122
1.86971, 0.112296, -0.238067
1.85209, 0.0137645, 4.3242e-06
1.81966, -0.081683, 1.11515e-09
1.73484, -0.137596, 5.13656e-07
1.80044, -0.0545882, 1.40522e-05
1.89899, -0.104717, 0.817004
2.00868, -0.106115, 1.14434
2.124, -0.0758395, 1.34349
2.22667, -0.0481621, 1.23499
2.30539, 0.0160957, 1.24887
1.93999, -0.00827317, 1.2425
2.31023, 0.218108, 1.22902
2.39724, 0.26769, 1.20859
2.51889, 0.286108, 1.10312
2.61733, 0.229289, 0.765045
2.69957, 0.162027, 0.404485
2.80986, 0.146077, 0.847768
2.90402, 0.096174, 0.946732
3.02299, 0.0817169, 1.12692
3.15937, 0.081062, 1.33507
3.29368, 0.0634495, 1.44327
3.51682, 0.0689643, 1.2996
3.62375, 0.0813149, 1.35638
3.8043, 0.0728502, 1.30615
3.91263, 0.125372, 1.22476
4.02872, 0.0922961, 1.17445
4.12864, 0.131533, 0.936427
4.24715, 0.146335, 0.352615
4.30057, 0.232375, -0.00208454
4.27182, 0.129116, -3.84404e-05
4.33557, 0.045668, 0.353743
4.42204, 0.11801, 0.435843
4.5362, 0.0932964, 0.559389
4.6491, 0.108115, 0.800238
4.74841, 0.132654, 0.98649
4.85598, 0.0837398, 1.10348
4.96945, 0.188292, 1.08452
5.51538, 0.0533939, 1.20895
5.65592, 0.30433, 1.23944
5.42017, 0.44906, 1.22345
5.22889, 0.381439, 1.33527
5.17615, 0.492384, 1.38967
5.2473, 0.610641, 1.40843
5.25719, 0.729222, 1.4072
5.29494, 0.907529, 1.51137
5.26604, 1.05327, 1.54907
5.18089, 1.15092, 1.50197
5.13921, 1.27466, 1.48437
5.23551, 1.42369, 1.54663
5.0269, 1.41056, 1.52037
5.12545, 1.43478, 1.58002
5.03963, 1.48966, 1.57125
5.61524, 1.46732, 1.51249
4.97416, 1.55629, 1.60632
4.9069, 1.6575, 1.64062
4.8488, 1.76834, 1.72003
4.74473, 1.84639, 1.76614
4.60131, 1.88282, 1.86842
4.49987, 1.96619, 1.92038
1.08243, -2.44399, 1.98446
3.95513, 1.85295, 2.00789
4.13623, 2.30207, 1.96254
4.22427, 2.02545, 1.89157
4.18373, 2.12234, 1.89884
4.03579, 2.14526, 1.85817
3.86992, 2.16977, 1.7572
3.75077, 2.18816, 1.65426
3.61422, 2.16522, 1.56801
3.46764, 2.17798, 1.4749
3.3318, 2.17177, 1.43292
3.21281, 2.15356, 1.32957
3.10892, 2.17107, 1.33116
3.00094, 2.1823, 1.31602
2.89243, 2.14512, 1.31177
2.71352, 2.18846, 1.25252
2.57074, 2.16867, 1.27616
2.45685, 2.17018, 1.21519
2.31618, 2.13136, 1.24934
2.21809, 2.09635, 1.23419
2.10037, 2.06239, 1.2023
1.99342, 2.04071, 1.22501
1.88809, 2.03409, 1.16644
1.78314, 2.02748, 1.20815
1.7023, 1.93739, 1.18103
1.57375, 1.91371, 1.17682
1.42527, 1.78567, 1.21931
1.24732, 1.69998, 1.18623
1.14545, 1.72081, 1.10453
1.04002, 1.76811, 1.11396
0.934682, 1.7488, 1.06693
0.837677, 1.77815, 0.963576
0.731208, 1.82118, 0.821441
0.625841, 1.84955, 0.827013
0.482482, 1.79187, 0.969564
0.375348, 1.75204, 1.2625
0.242362, 1.71322, 1.41673
0.123622, 1.69216, 1.51425
-0.0075933, 1.67883, 1.65267
0.0377944, 1.55151, 1.02955
-0.0934185, 1.43993, 0.920005
-0.213729, 1.4541, 0.86355
-0.317275, 1.50535, 0.612248
-0.16158, 1.50591, 0.572049
-0.242618, 1.43668, 0.478432
-0.357377, 1.53854, 0.538027
-1.53464, 1.81962, 0.794766
-1.51345, 1.92144, 0.872333
-1.17565, 1.82122, 0.870605
-1.04463, 1.73884, 0.960941
-0.877065, 1.67968, 1.01727
-0.699019, 1.58313, 1.04564
-0.719119, 1.46853, 1.36892
-0.82551, 1.39119, 1.48808
-0.993148, 1.29649, 1.51411
-1.06786, 1.20155, 1.46908
-2.6961, -0.706742, 1.56788
-3.10008, 0.946935, 1.54333
-1.53457, 0.947259, 1.54639
-1.3372, 0.999497, 1.60684
-1.17141, 0.997168, 1.65214
-1.14574, 0.88746, 1.52706
-1.14479, 0.779048, 1.62025
-1.10096, 0.672823, 1.67976
-1.03693, 0.593168, 1.62592
-0.768205, 0.400392, 1.55845
-0.790335, 0.282769, 1.53841
-0.781786, 0.153583, 1.37541
-0.830913, 0.0552403, 1.29862
-0.921008, -0.0036089, 1.23538
-0.837746, -0.0880091, 1.1722
-0.758661, -0.157543, 1.19765
-0.757334, -0.262557, 1.28108
-0.68317, -0.337727, 1.41407
-0.587336, -0.460946, 1.51463
-0.456666, -0.496668, 1.5606
-0.264985, -0.560249, 1.60324
-0.162968, -0.593041, 1.60988
-0.0153306, -0.576197, 1.5663
0.0914107, -0.581269, 1.59155
0.208806, -0.572858, 1.6595
0.335703, -0.492914, 1.76981
0.420516, -0.437466, 1.88196
0.532888, -0.372861, 2.01028
0.612376, -0.307441, 2.08772
0.672301, -0.165429, 2.11549
0.786808, -0.0815661, 1.9837
0.879699, 0.0180819, 1.97791
0.97758, 0.0637736, 2.01637
1.08103, 0.105382, 1.97506
1.19347, 0.166927, 1.94191
1.35263, 0.250288, 2.07576
1.46, 0.265646, 2.17289
1.59497, 0.306244, 2.24212
1.83565, 0.304975, 2.29508
1.94133, 0.301075, 2.38025
2.04889, 0.337705, 2.34848
2.22296, 0.371877, 2.46273
2.35913, 0.373059, 2.5076
2.48321, 0.394668, 2.61836
2.63599, 0.405408, 2.74563
2.75112, 0.361631, 2.80786
2.97416, 0.203946, 2.85591
3.21963, 0.117031, 2.65496
3.32872, 0.0895377, 2.62666
3.4946, 0.0746284, 2.54976
3.64377, 0.0320736, 2.46496
3.84133, -0.00159048, 2.40319
3.94364, -0.0225698, 2.34686
4.10702, -0.0316098, 2.28642
4.297, -0.0748227, 2.19582
4.42558, -0.124278, 2.10697
4.55797, -0.125776, 2.05446
4.73146, -0.117987, 1.90594
4.90826, -0.0961462, 1.75582
5.05804, -0.142989, 1.62085
5.188, -0.180197, 1.4518
5.28921, -0.235039, 0.417316
5.39152, -0.224687, 0.617261
5.51445, -0.264894, 0.838329
5.61438, -0.254396, 1.01765
5.68826, -0.173369, 1.09207
5.86928, -0.240132, 1.2192
5.8513, 0.0255059, 1.23554
5.82019, -0.0918475, 1.30091
5.85262, 0.00667371, 1.37357
5.84599, 0.14331, 1.3478
5.27658, -0.16463, 1.35855
5.67321, 0.146159, 1.32881
5.80949, 0.273097, 1.29598
5.90144, 0.409875, 1.2608
5.94862, 0.553142, 1.41315
5.98797, 0.675964, 1.45048
6.22295, 1.16732, 1.54716
6.3165, 0.884198, 1.52899
6.0247, 0.894455, 1.49245
7.21909, 1.1761, 1.57904
6.51853, 1.03744, 1.62729
6.01401, 1.13293, 1.65852
5.90364, 1.12536, 1.60317
5.86536, 1.25451, 1.74116
5.7638, 1.35574, 1.87054
5.66309, 1.38939, 1.98014
5.54673, 1.48789, 2.12813
5.39153, 1.56968, 2.27585
5.29199, 1.60851, 2.39635
5.19088, 1.67593, 2.50807
5.08496, 1.70621, 2.59699
4.85566, 1.72528, 2.70492
4.75555, 1.75683, 2.72023
4.41737, 1.87051, 2.8614
4.25561, 1.89241, 2.91576
4.05804, 1.94867, 2.75155
3.96442, 2.01829, 2.73319
3.8357, 2.0559, 2.70968
3.73313, 2.10295, 2.6381
3.5134, 2.12934, 2.54098
3.27854, 2.39185, 2.43929
3.29925, 2.2395, 2.40445
3.20222, 2.19403, 2.37278
3.10675, 2.2375, 2.30596
2.98973, 2.26126, 2.31552
2.87945, 2.26791, 2.31513
2.78034, 2.24178, 2.34129
2.65295, 2.19303, 2.3838
2.55057, 2.13241, 2.37928
1.98269, 2.0317, 2.4938
2.10043, 2.00015, 2.51601
1.96998, 1.90758, 2.39071
1.90662, 1.68735, 2.39087
1.75441, 1.74141, 2.381
1.61058, 1.62761, 2.36307
1.4278, 1.50939, 2.28177
1.30893, 1.43269, 2.2168
1.05669, 1.32329, 2.12899
0.935487, 1.26617, 1.95589
0.806054, 1.26067, 1.86702
0.686085, 1.24937, 1.71716
0.579552, 1.26984, 1.59813
0.444022, 1.30764, 1.4718
0.358596, 1.37954, 1.41319
0.270828, 1.46358, 1.4269
0.157411, 1.55713, 1.43036
0.0444582, 1.68694, 1.53504
-0.0423467, 1.74569, 1.57888
-0.123191, 1.83393, 1.55258
-0.636261, 2.03129, 1.56536
-0.223607, 1.83194, 1.57424
-0.369185, 1.85562, 1.54847
-0.448723, 1.78872, 1.59098
-0.562453, 1.74139, 1.57549
-0.664425, 1.65265, 1.58766
-0.76722, 1.57007, 1.52641
-0.886373, 1.42707, 1.39743
-0.927609, 1.30731, 1.29076
-0.877782, 1.21706, 1.18075
-0.884069, 1.11528, 0.969397
-1.0546, 1.04655, 0.757774
-1.0747, 0.916317, 0.735935
-0.932113, 0.969935, 0.752258
-0.835542, 0.932467, 0.77577
-2.66265, 1.77601, 1.09126
-3.06838, 1.31461, 1.13864
-2.10238, 0.890835, 1.12936
-1.28792, 0.852293, 1.21017
-1.0704, 0.780182, 1.30047
-1.03548, 0.659456, 1.44012
-1.26766, 0.362548, 1.48379
-1.49031, 0.438624, 1.47848
-1.33651, 0.404834, 1.5647
-1.14786, 0.39597, 1.51661
-1.0229, 0.306435, 1.57817
-0.863468, 0.181157, 1.5008
-0.805257, 0.0160243, 1.53468
-1.44963, -0.234129, 1.5445
-1.6766, -0.0844131, 1.53229
-1.18905, -0.125971, 1.54105
-1.07977, -0.173767, 1.5736
-0.877558, -0.216814, 1.56576
-0.568986, -1.59676, 1.54291
-0.235232, -0.426767, 1.52764
-0.53171, -0.316749, 1.52497
-0.711285, -0.369015, 1.56271
-0.563439, -0.467767, 1.77513
-0.413065, -0.49858, 1.90293
-0.232367, -0.454843, 1.97763
-0.13946, -0.405588, 2.11083
0.00775977, -0.351983, 2.25843
0.129992, -0.310228, 2.32711
0.22716, -0.238297, 2.41797
0.384023, -0.238225, 2.48879
0.536708, -0.185758, 2.59783
0.685778, -0.132079, 2.6749
0.840326, -0.0366067, 2.81383
0.979714, 0.016063, 2.80175
1.15491, 0.0567289, 2.97224
1.33968, 0.180473, 3.0507
1.50092, 0.225136, 3.12317
1.67262, 0.267464, 3.12111
1.84194, 0.302849, 3.18371
1.99432, 0.330048, 3.16785
2.13294, 0.365813, 3.20283
2.27433, 0.389057, 3.18261
2.40011, 0.403548, 3.21556
2.51574, 0.448832, 3.18658
2.66556, 0.498856, 3.19561
2.89171, 0.491051, 3.24451
3.08517, 0.455997, 3.18128
3.22703, 0.407784, 3.05332
3.38489, 0.340592, 2.99527
3.54151, 0.305761, 2.95634
3.72028, 0.231372, 2.88408
3.94758, 0.13122, 2.77142
4.09796, 0.0674315, 2.64426
4.20806, 0.0235865, 2.6132
4.33356, 0.0518385, 2.57879
4.54429, 0.00981521, 2.51239
4.68223, -0.0108097, 2.39559
4.86648, -0.00115719, 2.24268
4.98239, 0.0206416, 2.14624
5.13761, 0.0386995, 1.98802
5.2758, 0.0969342, 1.84149
5.32072, 0.227452, 1.64914
5.45357, 0.258546, 1.62295
5.50652, 0.380666, 1.54206
5.52784, 0.514575, 1.55252
5.49043, 0.608035, 1.45523
7.65702, 0.650025, 1.44243
6.50692, 0.761394, 1.48415
6.04446, 0.758662, 1.53653
5.98614, 0.976719, 1.55376
5.74176, 0.814931, 1.52134
5.67574, 0.924638, 1.51431
5.63728, 1.02129, 1.57427
5.61917, 1.14991, 1.52653
5.61743, 1.27484, 1.59641
6.52437, 0.366152, 1.6061
5.92092, 1.19085, 1.60177
5.66046, 1.40321, 1.64543
5.5188, 1.52457, 1.72169
5.4266, 1.62348, 1.84617
5.35233, 1.70193, 1.98127
5.23769, 1.8028, 2.16284
5.13045, 1.82946, 2.28191
5.05653, 1.89707, 2.29321
4.95137, 1.94641, 2.22106
4.84158, 1.97491, 2.19582
4.70975, 1.99933, 2.20074
4.58803, 2.03572, 2.19051
4.47186, 2.06954, 2.17148
4.27522, 2.09753, 2.1424
4.13864, 2.10685, 2.07161
4.03328, 2.09468, 2.05088
3.91185, 2.10753, 1.94125
3.76903, 2.15722, 1.83103
3.63613, 2.13957, 1.76738
3.53566, 2.18822, 1.62749
3.41735, 2.23991, 1.42992
3.31169, 2.23022, 0.527399
3.20173, 2.25848, 0.202431
3.10942, 2.33405, 0.424017
3.05772, 2.2439, -4.42493e-05
3.07049, 2.36485, -2.17903e-05
3.03964, 2.26867, -1.44997e-05
3.11316, 2.3822, -3.82967e-09
3.02508, 2.30339, -0.00041489
2.97253, 2.40013, 0.742747
2.85042, 2.47076, 1.00704
2.78093, 2.36677, 1.24157
2.66841, 2.3281, 1.37444
2.56184, 2.27678, 1.52415
2.47784, 2.2183, 1.6178
2.35721, 2.16409, 1.6818
2.2743, 2.09095, 1.7585
2.18562, 2.14964, 1.72472
2.09203, 2.07117, 1.61328
1.86769, 1.84589, 1.61405
1.72105, 1.77154, 1.62216
1.61962, 1.69407, 1.62042
1.5151, 1.62978, 1.59465
1.39424, 1.52484, 1.49875
1.29955, 1.45297, 1.37001
1.16269, 1.42482, 1.27268
1.06464, 1.3424, 1.1302
0.965702, 1.26635, 0.953517
0.916287, 1.16943, 0.911269
0.789748, 1.07416, 0.698326
0.624628, 1.10226, 0.661119
0.506264, 1.1556, 1.06511
0.416635, 1.21755, 1.0308
0.720401, 1.31302, 1.04065
0.715152, 1.00904, 1.06342
0.420389, 1.26659, 1.0638
0.351919, 1.34126, 1.01436
0.286658, 1.41835, 0.942619
0.206151, 1.48038, 0.621926
0.134616, 1.58702, -5.60879e-05
0.109603, 1.69503, -7.1918e-05
0.221935, 1.58236, -1.0053
0.322694, 1.50953, -1.30089
0.450602, 1.49387, -1.18394
0.475458, 1.39261, -1.12696
0.539081, 1.27261, -1.13598
0.639632, 1.14661, -0.966606
0.735938, 1.09423, -0.627191
0.844834, 1.07302, -0.900034
0.955482, 1.06108, -1.00657
1.06593, 1.03599, -0.948797
1.15418, 0.983462, -0.766105
1.27053, 0.9902, -0.638703
1.37215, 0.994636, 0.207256
1.26071, 0.996223, 0.0559346
1.16792, 1.03966, 3.21675e-06
1.11804, 1.14397, -5.46724e-07
1.01961, 1.16652, 0.494727
0.898898, 1.15646, 0.475443
0.777777, 1.31638, 0.586344
0.677763, 1.16903, 0.572292
0.634667, 1.2656, 0.608956
0.490967, 1.28682, 0.568837
0.429251, 1.37709, 0.945114
0.383163, 1.21808, 1.09889
0.284038, 1.1148, 1.14883
0.179064, 1.17636, 1.05156
0.121815, 1.27072, 1.05859
0.0311575, 1.32732, 1.01336
0.00675028, 1.4395, 0.998256
0.0321512, 1.56523, 0.90635
-0.0466398, 1.49774, 0.694886
-0.143714, 1.55611, 0.157917
-0.038148, 1.41392, -1.02136
0.0637628, 1.44313, -1.02936
0.163272, 1.46375, -0.963279
0.27323, 1.51328, -0.969392
0.376874, 1.4884, -0.60247
0.27452, 1.52246, 0.698797
0.166086, 1.48396, 1.08458
0.00762444, 1.43067, 1.42453
-0.139491, 1.3825, 1.58869
-0.26169, 1.25213, 1.50024
-0.510793, 1.28127, 1.47935
-0.536719, 1.14276, 1.5437
-0.462836, 0.940864, 1.50605
-0.501441, 0.77735, 1.51906
-0.485339, 0.646809, 1.52199
-0.451401, 0.544656, 1.50393
-0.41255, 0.407023, 1.53459
-0.354726, 0.28865, 1.54642
-0.293436, 0.151386, 1.51439
-0.234954, 0.0273927, 1.50882
-0.113949, -0.0959453, 1.50243
-0.0196664, -0.196338, 1.45395
-0.00436123, -0.338669, 1.45581
0.164021, -0.366595, 1.55239
0.272468, -0.3886, 1.65746
0.385957, -0.352623, 1.72537
0.496318, -0.32756, 1.78122
0.619336, -0.262223, 1.96035
0.716326, -0.226313, 2.04795
0.867151, -0.180081, 2.16122
0.973833, -0.0855613, 2.23892
1.09816, -0.0138001, 2.34
1.2383, 0.0350606, 2.47949
1.47238, 0.129164, 2.69912
1.64509, 0.183082, 2.79115
1.84297, 0.262076, 2.90703
1.96138, 0.377379, 3.00224
2.13701, 0.399247, 3.06428
2.26243, 0.426209, 3.01659
2.39361, 0.458291, 3.1461
2.53357, 0.512195, 3.17335
2.75253, 0.583015, 3.1577
2.86523, 0.536393, 3.15061
3.02644, 0.576847, 3.25342
3.21864, 0.540603, 3.27006
3.32014, 0.502712, 3.19285
3.48991, 0.458278, 3.06664
3.64048, 0.390817, 3.02238
3.76455, 0.320697, 2.98612
3.86532, 0.266601, 2.93717
3.97556, 0.230826, 2.91319
4.10256, 0.202093, 2.88117
4.28509, 0.197799, 2.82647
4.44557, 0.177066, 2.71883
5.79072, 0.266875, 2.55224
5.108, 0.172123, 2.50773
5.00122, 0.132193, 2.46668
5.67661, -0.94693, 2.15223
5.54088, 0.251124, 2.11153
5.45318, 0.161527, 2.02868
5.47825, 0.267851, 1.76365
5.58668, 0.300464, 1.72819
5.65496, 0.373558, 1.71118
5.77243, 0.492652, 1.62217
4.99339, -0.423835, 1.65143
6.00369, 0.521574, 1.66881
6.40282, 0.865698, 1.6521
5.9035, 0.675153, 1.62882
5.82753, 0.86638, 1.61474
5.79678, 0.987615, 1.56745
5.82196, 1.15278, 1.60385
5.78573, 1.27376, 1.59456
5.73358, 1.39383, 1.57901
5.67401, 1.5031, 1.66191
6.03798, -0.582768, 1.65396
6.2836, 1.36026, 1.75039
5.84008, 1.66505, 1.70866
5.66315, 1.72679, 1.7921
5.51258, 1.81084, 1.81637
4.07636, 7.89112, 1.90515
5.29439, 2.01226, 2.00736
5.17187, 1.98111, 2.26278
5.03298, 1.992, 2.38819
4.82544, 2.11634, 2.53445
4.70798, 2.13396, 2.6038
4.414, 2.15101, 2.68337
4.19332, 2.14341, 2.82389
4.01471, 2.13244, 2.80662
3.85291, 2.1087, 2.98094
3.68793, 2.14952, 2.97363
3.55676, 2.16424, 3.05549
3.33016, 2.16178, 3.11806
3.21231, 2.16448, 3.07424
3.07849, 2.16367, 3.18141
2.87674, 2.14544, 3.21329
2.7562, 2.12136, 3.18407
2.53231, 2.06704, 3.19747
2.31675, 1.96578, 3.23599
2.27691, 1.5008, 3.22177
2.64392, 1.65697, 3.05486
2.16718, 2.01283, 3.0225
2.02613, 1.92434, 2.99992
1.89411, 1.79225, 2.94371
1.76337, 1.72597, 2.883
1.67108, 1.66787, 2.74285
1.28257, 1.78548, 2.67135
1.07371, 1.45309, 2.55473
0.935081, 1.43557, 2.47086
0.818505, 1.417, 2.42274
0.717959, 1.41728, 2.33434
0.536504, 1.45327, 2.29382
0.327212, 1.50099, 2.18369
0.21944, 1.53624, 2.11195
0.108449, 1.55464, 2.02547
0.0101888, 1.57465, 1.9621
-0.111423, 1.61375, 1.71382
-0.139226, 1.83446, 0.93971
-0.0881631, 1.66958, 0.881014
-0.217586, 1.64668, 0.740311
-0.302577, 1.58667, 0.193791
-0.226461, 1.51429, -0.000126459
-0.125477, 1.52074, -0.226453
-0.213236, 1.58182, 1.10112
-0.317761, 1.58852, 1.02155
-0.407522, 1.50483, 0.861599
-0.511308, 1.47299, 0.775111
-0.671417, 1.47518, 0.731709
-0.861723, 1.56267, 1.13603
-0.756786, 1.45842, 1.21407
-0.844721, 1.36445, 1.41625
-0.9395, 1.31305, 1.40616
-1.03638, 1.2753, 1.4743
-1.10357, 1.16704, 1.49262
-1.17251, 1.04179, 1.51295
-0.837232, 0.297155, 1.47117
-1.07012, 0.669564, 1.49752
-1.16679, 0.858032, 1.45688
-1.16532, 0.736109, 1.50205
-1.09025, 0.598059, 1.52632
-1.10772, 0.490675, 1.58535
-1.09993, 0.366074, 1.59504
-1.04612, 0.222891, 1.52981
-0.928923, 0.0942846, 1.54229
-0.680492, -1.13513, 1.58515
-1.47171, -0.457194, 1.57443
-1.06717, -0.120021, 1.61176
-0.748275, -0.0554514, 1.65467
-0.652545, -0.166881, 1.69625
-0.544501, -0.122507, 1.82782
-0.413221, -0.104682, 1.95703
-0.309659, -0.080004, 1.95011
-0.172973, -0.0466617, 2.13006
-0.0793951, 0.0117297, 2.19753
0.0378425, 0.0431382, 2.32925
0.248279, 0.104958, 2.19507
0.348543, 0.0880104, 2.22564
0.47433, 0.140597, 2.35209
0.648538, 0.146319, 2.42824
0.786683, 0.107731, 2.53064
0.889959, 0.0900893, 2.5737
1.11404, 0.0719044, 2.64488
1.23824, 0.041892, 2.50873
1.37955, -0.00829221, 2.45516
1.55965, -0.0133887, 2.36988
1.67941, -0.00505388, 2.31971
1.78775, 0.0159694, 2.34888
1.89002, 0.0337827, 2.21869
2.03683, 0.0532906, 2.10417
2.18403, 0.165742, 2.003
2.35769, 0.234818, 1.86956
2.48006, 0.308337, 1.83649
2.67607, 0.367516, 1.83516
2.79932, 0.350254, 1.81284
2.94655, 0.352111, 1.92908
3.15249, 0.365988, 2.08959
3.32084, 0.319535, 2.24273
3.45383, 0.305959, 2.30277
3.59259, 0.249973, 2.17701
3.69813, 0.198838, 2.15372
3.83352, 0.142074, 2.15491
3.99652, 0.0883818, 2.12359
4.12824, 0.0276644, 2.05767
4.23395, -0.023969, 1.98951
4.33419, -0.0628701, 1.91738
4.55732, -0.0695592, 1.7488
4.7112, -0.0487663, 1.66736
4.86267, 0.00239893, 1.54579
4.96811, 0.0319761, 1.52269
5.04811, 0.0926957, 1.41522
5.08577, 0.200688, 1.37748
5.1818, 0.314096, 1.29965
5.30942, 0.454181, 1.2408
5.35058, 0.573564, 1.2962
5.34233, 0.715437, 1.35957
5.39029, 0.831035, 1.46704
5.37674, 0.945536, 1.54834
5.37302, 1.08176, 1.62314
5.26647, 1.26539, 1.58973
5.19604, 1.35853, 1.53559
5.12318, 1.43456, 1.59243
5.01947, 1.4921, 1.59219
4.89936, 1.54677, 1.71932
4.79655, 1.60592, 1.8248
4.61496, 1.69053, 1.99284
4.52102, 1.7365, 2.05768
4.38147, 1.78436, 1.89588
4.2818, 1.85707, 1.90197
4.11186, 1.94606, 1.81337
3.96213, 1.99835, 1.69738
3.85991, 2.01985, 1.62911
3.73623, 2.07262, 1.44034
3.6287, 2.11424, 1.3064
3.52109, 2.13919, 0.312467
